key,en,es,notes
"# Wording for the home page (src/pages/index.njk and src/_includes/partials/home-*.njk). en = English, es = Spanish (use tú). {name}, {n}, {month}, {year}, {list} are filled in by the site; keep them. notes = for editors only.",,,
home.description,"Mid-Southern California Area 09 of Alcoholics Anonymous serves the A.A. groups of Orange and Riverside counties, most of San Bernardino County, Long Beach, the South Bay, the Harbor area and Catalina: Area meetings and events, districts, committees, documents and how to find a meeting, in English and Spanish.","El Área 09 del Medio Sur de California de Alcohólicos Anónimos sirve a los grupos de A.A. de los condados de Orange y Riverside, la mayor parte del condado de San Bernardino, Long Beach, el South Bay, la zona del puerto y Catalina: reuniones y eventos del Área, distritos, comités, documentos y cómo encontrar una reunión, en inglés y en español.",Home page description for search engines and link previews
home.hero.title,Mid-Southern California {hl},{hl} del Medio Sur de California,Big heading on the home page. {hl} is replaced by the highlighted words (next row). Keep {hl}.
home.hero.title_highlight,Area 09,Área 09,The highlighted (colourful) words of the big heading
home.hero.tagline,"Groups, districts and committees carrying the A.A. message together — from the beach cities to the high desert, in English and Spanish.","Grupos, distritos y comités que llevan juntos el mensaje de A.A., desde las playas hasta el alto desierto, en inglés y en español.",
home.hero.cta_meeting,Find a meeting,Buscar una reunión,
home.hero.cta_calendar,Area calendar,Calendario del Área,
home.hero.fact_meetings,Area meetings: 2nd Sunday of the month · in person and on Zoom,Reuniones del Área: 2.º domingo de cada mes · en persona y por Zoom,
home.hero.fact_languages,English- and Spanish-speaking districts,Distritos de habla inglesa e hispana,
home.hero.play,Play the slideshow and animations,Reanudar la presentación y las animaciones,Tooltip on the banner's Pause button while paused
home.hero.pause,Pause the slideshow and animations,Pausar la presentación y las animaciones,"Banner button: stops the photo slideshow, the events carousel and every animation on the site (same switch as the footer's Pause animations)"
home.next.eyebrow,Next Area meeting,Próxima reunión del Área,
home.next.when,When,Cuándo,
home.next.where,Where,Dónde,
home.next.host,Host,Anfitrión,
home.next.hosted_by,Hosted by {name},Anfitrión: {name},
home.next.hosted_by_many,Hosted by {name},Anfitriones: {name},Used when two or more districts host together; {name} = the districts
home.next.district,District {n},Distrito {n},
home.next.starts_in,Starts in,Empieza en,
home.next.ended,This meeting has ended — see the calendar for the next one.,Esta reunión ya terminó; consulta el calendario para ver la próxima.,
home.next.details,Details,Detalles,
home.next.all,All Area meetings,Todas las reuniones del Área,
home.next.eyebrow_generic,Area meetings,Reuniones del Área,
home.next.generic_title,"Every 2nd Sunday, 9 AM–3 PM","Cada 2.º domingo, de 9:00 a. m. a 3:00 p. m.",Shown only if the calendar has no upcoming Area meeting
home.next.generic_body,Assemblies and Area Service Committee (ASC) meetings rotate among the districts and are usually hybrid — in person and on Zoom. GSRs are strongly encouraged to attend.,Las Asambleas y las reuniones del Comité de Servicio de Área (CSA) rotan entre los distritos y suelen ser híbridas: en persona y por Zoom. Se anima mucho a los RSG a asistir.,
home.ann.title,Announcements,Anuncios,
home.ann.hint,Past items disappear on their own.,Lo que ya pasó desaparece solo.,
home.ann.pinned,Featured,Destacado,
home.actions.eyebrow,Start here,Empieza aquí,
home.actions.title,What are you looking for?,¿Qué estás buscando?,
home.actions.lead,"Meetings, your district, the people who serve and the Area's records — one tap away.","Reuniones, tu distrito, quienes sirven y los documentos del Área, a un toque de distancia.",
home.coming.eyebrow,Coming up,Próximamente,
home.coming.title,Area events & workshops,Eventos y talleres,
home.coming.lead,"Assemblies, forums, workshops and gatherings from the Area calendar. Tap a flyer for details, directions and how to join.","Asambleas, foros, talleres y convivencias del calendario del Área. Toca un volante para ver los detalles, cómo llegar y cómo conectarte.",
home.coming.prev,Previous events,Eventos anteriores,
home.coming.next,More events,Más eventos,
home.coming.all,Full calendar,Calendario completo,
home.carousel.role,carousel,carrusel,Read out by screen readers for the events carousel
home.carousel.pause,Pause automatic scrolling,Pausar el desplazamiento automático,Button that stops the events carousel moving by itself
home.carousel.play,Resume automatic scrolling,Reanudar el desplazamiento automático,Tooltip on the same button while paused
home.coming.empty_title,No upcoming events right now,Por ahora no hay eventos próximos,
home.coming.empty_body,New events appear here as soon as they are added to the Area calendar.,Los eventos nuevos aparecen aquí en cuanto se agregan al calendario del Área.,
home.area.title,Upcoming Area meetings,Próximas reuniones del Área,
home.area.tba,Host to be announced,Anfitrión por anunciar,
home.area.and,&,y,Joins two host districts: District 10 & District 15
home.week.title,This week in service,Esta semana en servicio,
home.week.lead,"District, committee, H&I and intergroup meetings in the next seven days.","Reuniones de distritos, comités, H&I e intergrupos en los próximos siete días.",
home.week.empty,No service meetings in the next seven days.,No hay reuniones de servicio en los próximos siete días.,
home.week.all,All meetings in the calendar,Todas las reuniones en el calendario,
home.districts.eyebrow,Find your district,Encuentra tu distrito,
home.districts.title,Service starts close to home,El servicio empieza cerca de casa,
home.districts.lead,"Every A.A. group belongs to a district. Type your city to find yours: when and where it meets, who serves, and how to get involved.","Cada grupo de A.A. pertenece a un distrito. Escribe tu ciudad para encontrar el tuyo: cuándo y dónde se reúne, quiénes sirven y cómo participar.",
home.districts.label,Your city,Tu ciudad,
home.districts.placeholder,"e.g. Long Beach, Irvine, Palm Springs…","p. ej., Santa Ana, Riverside, Indio…",
home.districts.list_label,Cities and their districts,Ciudades y sus distritos,
home.districts.results,matching cities,ciudades encontradas,Read out by screen readers after a number
home.districts.english,English-speaking district,distrito de habla inglesa,
home.districts.spanish,Spanish-speaking district,distrito de habla hispana,
home.districts.none,"No city by that name in Area 09. Try a nearby city, or browse all districts.",No hay ninguna ciudad con ese nombre en el Área 09. Prueba con una ciudad cercana o consulta todos los distritos.,
home.districts.stat_districts,Districts,Distritos,
home.districts.stat_spanish,Spanish-speaking,De habla hispana,
home.districts.stat_cities,Cities & towns,Ciudades,
home.districts.all,All districts,Todos los distritos,
home.service.eyebrow,How service works,Cómo funciona el servicio,
home.service.title,The upside-down triangle,El triángulo invertido,
home.service.lead,"Our Panel logo is A.A.'s upside-down triangle: the groups are on top, because final authority rests with them. Each group's GSR carries its conscience to the district, the districts to the Area Assembly, and our delegate to the General Service Conference.","El logotipo de nuestro Panel es el triángulo invertido de A.A.: los grupos están arriba porque la autoridad final reside en ellos. El RSG de cada grupo lleva su conciencia al distrito, los distritos a la Asamblea del Área y nuestro delegado a la Conferencia de Servicios Generales.",Source: A.A. Service Manual 2026–2028 p. 3 (upside-down triangle)
home.service.down,The groups' voice travels down,La voz de los grupos baja,
home.service.up,Information comes back up,La información vuelve a subir,
home.service.groups.band,A.A. GROUPS,GRUPOS DE A.A.,Words inside the triangle band (as on the logo)
home.service.groups.name,A.A. groups,Grupos de A.A.,
home.service.groups.text,Where it all starts — and where final authority rests.,Donde todo empieza y donde reside la autoridad final.,
home.service.gsrs.band,GSRs,RSG,
home.service.gsrs.name,General service representatives (GSRs),Representantes de servicios generales (RSG),
home.service.gsrs.text,Each group elects a GSR to carry its conscience.,Cada grupo elige a un RSG que lleva su conciencia.,
home.service.districts.band,DISTRICTS,DISTRITOS,
home.service.districts.name,Districts,Distritos,
home.service.districts.text,GSRs meet in their district and elect a DCM.,Los RSG se reúnen en su distrito y eligen a un MCD.,
home.service.areas.band,AREAS,ÁREAS,
home.service.areas.name,The Area 09 Assembly,La Asamblea del Área 09,
home.service.areas.text,GSRs and DCMs elect our delegate and the Area officers.,Los RSG y los MCD eligen a nuestro delegado y a los oficiales del Área.,
home.service.gsc.band,GSC,CSG,
home.service.gsc.name,General Service Conference,Conferencia de Servicios Generales,
home.service.gsc.text,Delegates of the 93 U.S. and Canada areas meet every spring in New York.,Los delegados de las 93 áreas de EE. UU. y Canadá se reúnen cada primavera en Nueva York.,
home.service.gsb.band,GSB,JSG,
home.service.gsb.name,General Service Board,Junta de Servicios Generales,
home.service.gsb.text,Trustees who look after A.A. World Services and AA Grapevine.,Custodios que velan por A.A. World Services y AA Grapevine.,
home.service.cta,How A.A. service works,Cómo funciona el servicio de A.A.,
home.service.cta2,The Area's business,Los asuntos del Área,
home.stats.eyebrow,Area 09 at a glance,El Área 09 de un vistazo,
home.stats.title,Carrying the message across Southern California,Llevando el mensaje por el sur de California,
home.stats.founded_year,1958,1958,"Year the Area was formed (approved at the 8th General Service Conference, April 1958). Used to count the years of service."
home.stats.districts,Districts,Distritos,
home.stats.spanish,Spanish-speaking districts,Distritos de habla hispana,
home.stats.committees,Standing committees,Comités permanentes,"Counts the committees whose category is standing in data/committees.csv, the same number as the Committees page; the service schools are counted in home.stats.schools below it"
home.stats.schools,+ {n} service schools,+ {n} escuelas de servicio,Shown under the standing-committee number; {n} = committees whose category is school
home.stats.school,+ {n} service school,+ {n} escuela de servicio,The same when there is only one service school
home.stats.meetings,Service meetings in {month},Reuniones de servicio en {month},
home.stats.events,Upcoming events,Eventos próximos,
home.stats.years,Years of service since {year},Años de servicio desde {year},
home.give.eyebrow,Seventh Tradition,Séptima Tradición,
home.give.title,Your contributions keep the Area serving,Tus contribuciones mantienen el servicio del Área,
home.give.lead,"Area 09 is supported by the contributions of A.A. groups and members. They pay for Area meetings and interpretation, our share of the General Service Conference, and the committees that carry the message.","El Área 09 se mantiene con las contribuciones de los grupos y miembros de A.A. Con ellas se cubren las reuniones del Área y la interpretación, nuestra parte de la Conferencia de Servicios Generales y los comités que llevan el mensaje.",Source: Area Guidelines Rev. P Art. I.F and the Q1 2026 Profit & Loss report
home.give.cta,How to contribute,Cómo contribuir,
home.give.gso,Contribute to G.S.O.,Contribuir a la OSG,
home.give.zelle_title,Zelle®,Zelle®,
home.give.zelle_body,"In your bank's app, send to the business “{name}” using this e-mail:","En la aplicación de tu banco, envía a la empresa «{name}» usando este correo:",
home.give.copy_email,Copy e-mail,Copiar correo,
home.give.copy_what,e-mail: {email},correo: {email},"Spoken name of the Copy button after 'Copy' (ui.copy_x): starts with the button's visible words, then the address"
home.give.more,More ways to give: by mail or in person,Más formas de contribuir: por correo o en persona,Link under the Zelle card on phones
home.give.mail_title,By mail,Por correo,
home.give.mail_body,Send a check or money order to:,Envía un cheque o giro postal a:,
home.give.attn,Attn: Treasurer A/R,A la atención de: Tesorero A/R,Second line of the mailing address on the envelope
home.give.person_title,At an Area meeting,En una reunión del Área,
home.give.person_body,"Hand a check, money order or cash directly to the Treasurer A/R.","Entrega un cheque, giro postal o efectivo directamente al Tesorero A/R.",
home.give.memo,"Include your group's name and G.S.O. number, your district number, or “Personal”.","Indica el nombre y el número de la OSG de tu grupo, el número de tu distrito o «Personal».",
home.new.eyebrow,New to A.A.?,¿Nuevo en A.A.?,
home.new.title,Want to stop drinking? You're not alone.,¿Quieres dejar de beber? No estás solo.,
home.new.quote,Membership is open to anyone who wants to do something about their drinking problem.,Cualquiera que quiera hacer algo para resolver su problema con la bebida puede hacerse miembro.,Quoted word for word from aa.org (What is A.A.?). Do not reword.
home.new.quote_url,https://www.aa.org/what-is-aa,https://www.aa.org/es/what-is-aa,
home.new.quote_source,aa.org — What is A.A.?,aa.org — ¿Qué es A.A.?,
home.new.lead,"Area 09 doesn't run meetings — local central offices do, and they answer the phone, many of them around the clock. Call one now, or find a meeting with the free Meeting Guide app.","El Área 09 no organiza reuniones; las oficinas centrales locales sí, y contestan el teléfono, muchas a toda hora. Llama ahora a una de ellas o busca una reunión con la aplicación gratuita Meeting Guide.",
home.new.cta,Information for newcomers,Información para recién llegados,
home.new.app,Meeting Guide app,App Meeting Guide,
home.new.call_title,Call a local A.A. office,Llama a una oficina local de A.A.,
home.new.call_lead,Tap a number to call. Spanish-speaking offices are marked.,Toca un número para llamar. Las oficinas de habla hispana están marcadas.,
home.new.all_offices,All offices & hotlines,Todas las oficinas y líneas de ayuda,
home.new.districts,Districts {list},Distritos {list},
home.new.more,Show {n} more offices,Mostrar {n} oficinas más,
home.new.online,Prefer to meet online? The Online Intergroup of A.A. lists meetings around the clock:,¿Prefieres reunirte en línea? El Intergrupo en Línea de A.A. tiene reuniones a toda hora:,
