key,section_en,section_es,title_en,title_es,kind,drive_id,mode,category,language,district,committee,archives_url,sort,notes
"# The Area 09 Archives Committee's collections (msca09aa-archives.org), one row per Google Drive folder or file it links to. mode = files: every file in it is listed in the site's document library next to the Area's own documents (scripts/archives-index.mjs re-reads the folder once a day, so new files the Archives add appear by themselves); link = shown as one collection card that opens the Archives' folder; off = not shown. category = the library shelf (data/document-categories.csv key). district = district slug for group histories. The Archives keep these folders up to date; never copy their files into the Area's Drive (MSCA09AA/MSCA09AA-archives holds shortcuts only).",,,,,,,,,,,,,,
group-histories-group-history-form-english,Group histories,Historias de grupos,Group history form (English),Formulario de historia de grupo (inglés),file,1gh7Wxb564TZ9hZsNhujoUB-gZAjTia2q,files,forms,English,,archives,https://msca09aa-archives.org/,10000,
group-histories-group-history-form-spanish,Group histories,Historias de grupos,Group history form (Spanish),Formulario de historia de grupo (español),file,1Vdjz2k7UC881fDOLv7o0ltaFKqrLVAZF,files,forms,Spanish,,archives,https://msca09aa-archives.org/,10001,
group-histories-group-history-forms-word-and-pdf,Group histories,Historias de grupos,Group history forms (Word and PDF),Formularios de historia de grupo (Word y PDF),folder,1tgQun2IxluUz-bqrscPTSJKRnh1Umzc4,link,forms,,,,https://msca09aa-archives.org/,10002,
group-histories-group-histories-district-01,Group histories,Historias de grupos,Group histories – District 01,Historias de grupos – Distrito 01,folder,1wx9RXwnmHqxFW4RjgrlzGm8A6sw9kD1k,files,districts,English,d01-03,,https://msca09aa-archives.org/group-histories-district-1,10118,
group-histories-group-histories-district-02,Group histories,Historias de grupos,Group histories – District 02,Historias de grupos – Distrito 02,folder,12WxUHelWu4_EVs-PehN4iZyXm_bAVtq5,files,districts,English,d02,,https://msca09aa-archives.org/group-histories-district-1,10119,
group-histories-group-histories-district-03,Group histories,Historias de grupos,Group histories – District 03,Historias de grupos – Distrito 03,folder,1Pw5_40NV_gbtiLYjeArVX5BxnSF8GcL_,files,districts,English,d01-03,,https://msca09aa-archives.org/group-histories-district-1,10120,
group-histories-group-histories-district-04,Group histories,Historias de grupos,Group histories – District 04,Historias de grupos – Distrito 04,folder,1N9JeSWYZxa25CcgFGfs7UpMr_KtIhwga,files,districts,English,d04,,https://msca09aa-archives.org/group-histories-district-1,10121,
group-histories-group-histories-district-05,Group histories,Historias de grupos,Group histories – District 05,Historias de grupos – Distrito 05,folder,1SuoHDGJvwAqmt0wbvBKkUuJxBMxAohUN,files,districts,English,d05,,https://msca09aa-archives.org/group-histories-district-1,10122,
group-histories-group-histories-district-06,Group histories,Historias de grupos,Group histories – District 06,Historias de grupos – Distrito 06,folder,1ckswiaokFgyf4HPYU78eJdM0LBbyMzPk,files,districts,English,d06,,https://msca09aa-archives.org/group-histories-district-1,10123,
group-histories-group-histories-district-07,Group histories,Historias de grupos,Group histories – District 07,Historias de grupos – Distrito 07,folder,1bD8xXgt3OMRfH8jOzYkFxk6Tt9bx0vja,files,districts,English,d07,,https://msca09aa-archives.org/group-histories-district-1,10124,
group-histories-group-histories-district-08,Group histories,Historias de grupos,Group histories – District 08,Historias de grupos – Distrito 08,folder,1rne9LXPKGb_k1UUOKePHF-Ng-_eXfwBC,files,districts,English,d08,,https://msca09aa-archives.org/group-histories-district-1,10125,
group-histories-group-histories-district-09,Group histories,Historias de grupos,Group histories – District 09,Historias de grupos – Distrito 09,folder,1lY8Xs0yplFKppA5hKMR4znuHOHq33TJN,files,districts,English,d09,,https://msca09aa-archives.org/group-histories-district-1,10126,
group-histories-group-histories-district-10,Group histories,Historias de grupos,Group histories – District 10,Historias de grupos – Distrito 10,folder,1S2rZj8x0TT6vW1Jvar3DmTF9LxKHakpq,files,districts,English,d10,,https://msca09aa-archives.org/group-histories-district-1,10127,
group-histories-group-histories-district-11-1962-2023,Group histories,Historias de grupos,Group histories – District 11 (1962–2023),Historias de grupos – Distrito 11 (1962–2023),folder,1KcbmlRFNNcX_fbnDBaE6tBclFeKf8N8q,files,districts,English,d11,,https://msca09aa-archives.org/group-histories-district-1,10128,
group-histories-group-histories-district-12,Group histories,Historias de grupos,Group histories – District 12,Historias de grupos – Distrito 12,folder,1Vw1OMR9XLAd63RA26gALmbwHB-yEqhPn,files,districts,English,d12,,https://msca09aa-archives.org/group-histories-district-1,10129,
group-histories-group-histories-district-13-1996,Group histories,Historias de grupos,Group histories – District 13 (until 1996),Historias de grupos – Distrito 13 (hasta 1996),folder,1eIkEInAADk16-O042dpbZpwiTC_zO0BZ,files,districts,English,d13,,https://msca09aa-archives.org/group-histories-district-1,10130,
group-histories-group-histories-district-14,Group histories,Historias de grupos,Group histories – District 14,Historias de grupos – Distrito 14,folder,13sdhduIghwC1itOGDuurTI_PnnRVxAeP,files,districts,English,d14,,https://msca09aa-archives.org/group-histories-district-1,10131,
group-histories-group-histories-district-15,Group histories,Historias de grupos,Group histories – District 15,Historias de grupos – Distrito 15,folder,10GnZZ43pbjF4N7LNnlUaLjSSZ_7lKtqH,files,districts,English,d15,,https://msca09aa-archives.org/group-histories-district-1,10132,
group-histories-group-histories-district-16-1989,Group histories,Historias de grupos,Group histories – District 16 (until 1989),Historias de grupos – Distrito 16 (hasta 1989),folder,1ubl3zVa-Jh9CTJvjpRZI4PaeqH67aVxR,files,districts,English,d16,,https://msca09aa-archives.org/group-histories-district-1,10133,
group-histories-group-histories-district-17,Group histories,Historias de grupos,Group histories – District 17,Historias de grupos – Distrito 17,folder,18u0wdK20s7Uc3LXw7wG-85mGgwOO-qn3,files,districts,English,d17,,https://msca09aa-archives.org/group-histories-district-1,10134,
group-histories-group-histories-district-18,Group histories,Historias de grupos,Group histories – District 18,Historias de grupos – Distrito 18,folder,1iPqKNFVGnKW2YYF1jaODRj0Vqg16t9Jr,files,districts,English,d18,,https://msca09aa-archives.org/group-histories-district-1,10135,
group-histories-group-histories-district-19,Group histories,Historias de grupos,Group histories – District 19,Historias de grupos – Distrito 19,folder,1iFj72ch2Cxz2HTl-GqkEfh-ZQxquuc6F,files,districts,English,d19,,https://msca09aa-archives.org/group-histories-district-1,10136,
group-histories-group-histories-district-30,Group histories,Historias de grupos,Group histories – District 30,Historias de grupos – Distrito 30,folder,1HpKJ6V49a96bAodWIjerqev0X1Xk4RNz,files,districts,English,d30,,https://msca09aa-archives.org/group-histories-district-1,10137,
group-histories-group-histories-district-31,Group histories,Historias de grupos,Group histories – District 31,Historias de grupos – Distrito 31,folder,1YK1dC-TERxsXOZDXdvKGHUI6yR3zPGp6,files,districts,English,d31,,https://msca09aa-archives.org/group-histories-district-1,10138,
group-histories-group-histories-district-20,Group histories,Historias de grupos,Group histories – District 20,Historias de grupos – Distrito 20,folder,1rUUbdN0BQnbA85B5QX7QAJOvcyM0hFv3,files,districts,Spanish,d20,,https://msca09aa-archives.org/group-histories-district-1,10139,
group-histories-group-histories-district-21,Group histories,Historias de grupos,Group histories – District 21,Historias de grupos – Distrito 21,folder,1sf5g9Qb5OHetH5BPKSw0b8xjekK66jVR,files,districts,Spanish,d21,,https://msca09aa-archives.org/group-histories-district-1,10140,
group-histories-group-histories-district-22,Group histories,Historias de grupos,Group histories – District 22,Historias de grupos – Distrito 22,folder,1VMGw5IfGBr7FEIOIVZ_-E4y3CknapVxF,files,districts,Spanish,d22,,https://msca09aa-archives.org/group-histories-district-1,10141,
group-histories-group-histories-district-23,Group histories,Historias de grupos,Group histories – District 23,Historias de grupos – Distrito 23,folder,16tDbzWu01lVYtbncuQeNfVQteLTr1on0,files,districts,Spanish,d23,,https://msca09aa-archives.org/group-histories-district-1,10142,
group-histories-group-histories-district-24,Group histories,Historias de grupos,Group histories – District 24,Historias de grupos – Distrito 24,folder,1mBjBI968fAHXc1evftH47Y9L_IQ0M7p0,files,districts,Spanish,d24,,https://msca09aa-archives.org/group-histories-district-1,10143,
group-histories-group-histories-district-25,Group histories,Historias de grupos,Group histories – District 25,Historias de grupos – Distrito 25,folder,12s-wxYVehoTHSfmoykjfj4itB4IDuwlm,files,districts,Spanish,d25,,https://msca09aa-archives.org/group-histories-district-1,10144,
group-histories-group-histories-district-49-area-05-southern,Group histories,Historias de grupos,Group histories – District 49 (Area 05 – Southern California),Historias de grupos – Distrito 49 (Área 05 – Sur de California),folder,1Xz654COfyUyUm0zYNDbFayFY2gzqMo43,files,districts,Spanish,,,https://msca09aa-archives.org/group-histories-district-1,10145,"Area 05's District 49, not an Area 09 district: no district tag; the file titles carry 'District 49 (Area 05 – Southern California)'."
area-09-minutes-area-minutes-1958-1969,Area 09 minutes,Actas del Área 09,"Area minutes, 1958–1969","Actas del Área, 1958–1969",folder,1_qXO7-uNmmwFdCsHCIdpuXj1aW5kJWog,files,minutes,,,,https://msca09aa-archives.org/area-09-minutes,20068,
area-09-minutes-area-minutes-1970-1979,Area 09 minutes,Actas del Área 09,"Area minutes, 1970–1979","Actas del Área, 1970–1979",folder,1v3ee30rw5OajisDqyH5rVxw-2laT2_J1,files,minutes,,,,https://msca09aa-archives.org/area-09-minutes,20069,
area-09-minutes-area-minutes-1980-1989,Area 09 minutes,Actas del Área 09,"Area minutes, 1980–1989","Actas del Área, 1980–1989",folder,1fNQteEQUjvogbngzPj3u7_PLyR_CsUyT,files,minutes,,,,https://msca09aa-archives.org/area-09-minutes,20070,
area-09-minutes-area-minutes-1990-1999,Area 09 minutes,Actas del Área 09,"Area minutes, 1990–1999","Actas del Área, 1990–1999",folder,1C9ejc88vebXSEPepLO3s9MGWA5xQXJVd,files,minutes,,,,https://msca09aa-archives.org/area-09-minutes,20071,
area-09-minutes-area-minutes-2000-2009,Area 09 minutes,Actas del Área 09,"Area minutes, 2000–2009","Actas del Área, 2000–2009",folder,1sKkif3rhGrfftHMXKDHd0z3LK01ZY3Ni,files,minutes,,,,https://msca09aa-archives.org/area-09-minutes,20072,
area-09-minutes-area-minutes-2010-2019,Area 09 minutes,Actas del Área 09,"Area minutes, 2010–2019","Actas del Área, 2010–2019",folder,1hYt05eqM8cBHhDbCoHPyqMBur7Q1O112,files,minutes,,,,https://msca09aa-archives.org/area-09-minutes,20073,
area-09-minutes-area-minutes-2020-2029,Area 09 minutes,Actas del Área 09,"Area minutes, 2020–2029","Actas del Área, 2020–2029",folder,1ICbPTELKZaEN0cssMzR-7rzQ0oBWzmMN,files,minutes,,,,https://msca09aa-archives.org/area-09-minutes,20074,
area-09-agendas-area-agendas-1960-1969,Area 09 agendas,Agendas del Área 09,"Area agendas, 1960–1969","Agendas del Área, 1960–1969",folder,1d9_knqD4IMHHFpB5FpQY5am1lRdVywFC,off,motions,,,,https://msca09aa-archives.org/area-09-agendas,30054,Not public (the link asks for a sign-in). Switch to mode=files when the Archives share this folder with anyone who has the link.
area-09-agendas-area-agendas-1970-1979,Area 09 agendas,Agendas del Área 09,"Area agendas, 1970–1979","Agendas del Área, 1970–1979",folder,1HFmc-6lzYILsRFyI77pC9fJhb-Rartqm,files,motions,,,,https://msca09aa-archives.org/area-09-agendas,30055,
area-09-agendas-area-agendas-1980-1989,Area 09 agendas,Agendas del Área 09,"Area agendas, 1980–1989","Agendas del Área, 1980–1989",folder,1wLN8qPQlay8CP2kAdRXJeClfCJ1AGR3N,files,motions,,,,https://msca09aa-archives.org/area-09-agendas,30056,
area-09-agendas-area-agendas-1990-1999,Area 09 agendas,Agendas del Área 09,"Area agendas, 1990–1999","Agendas del Área, 1990–1999",folder,1bgWD9tgABJRb-Uddiof7C1WKTxIT-DUW,files,motions,,,,https://msca09aa-archives.org/area-09-agendas,30057,
area-09-agendas-area-agendas-2000-2009,Area 09 agendas,Agendas del Área 09,"Area agendas, 2000–2009","Agendas del Área, 2000–2009",folder,1WW3X7L3ZCsbBbPPGRiVP9KvCYGxtqhKa,files,motions,,,,https://msca09aa-archives.org/area-09-agendas,30058,
area-09-agendas-area-agendas-2010-2019,Area 09 agendas,Agendas del Área 09,"Area agendas, 2010–2019","Agendas del Área, 2010–2019",folder,15MLyUtjMU-maJ4VHFC6c9EG4pI5Iecb6,files,motions,,,,https://msca09aa-archives.org/area-09-agendas,30059,
area-09-agendas-area-agendas-2020-to-today,Area 09 agendas,Agendas del Área 09,"Area agendas, 2020 to today","Agendas del Área, 2020 a hoy",folder,1R3NpZasFOEd86LBq_uHp2TueYPR2uFOu,files,motions,,,,https://msca09aa-archives.org/area-09-agendas,30060,
area-09-calendars-area-calendars-1960-1969,Area 09 calendars,Calendarios del Área 09,"Area calendars, 1960–1969","Calendarios del Área, 1960–1969",folder,1Jd2nnVEoRhUeYhNncSewOvIiCZIQXWMU,files,calendars,,,,https://msca09aa-archives.org/area-09-calendars,40061,
area-09-calendars-area-calendars-1970-1979,Area 09 calendars,Calendarios del Área 09,"Area calendars, 1970–1979","Calendarios del Área, 1970–1979",folder,1_N32zhf3l9xGaRzDe-j5e911KlMI2jfl,files,calendars,,,,https://msca09aa-archives.org/area-09-calendars,40062,
area-09-calendars-area-calendars-1980-1989,Area 09 calendars,Calendarios del Área 09,"Area calendars, 1980–1989","Calendarios del Área, 1980–1989",folder,1YDfG9FFy5LYv_HO6XQiNrGVGJiGXX52q,files,calendars,,,,https://msca09aa-archives.org/area-09-calendars,40063,
area-09-calendars-area-calendars-1990-1999,Area 09 calendars,Calendarios del Área 09,"Area calendars, 1990–1999","Calendarios del Área, 1990–1999",folder,1qH_8AJmqzqqcO5gvZpo_8VJYADp9-4NA,files,calendars,,,,https://msca09aa-archives.org/area-09-calendars,40064,
area-09-calendars-area-calendars-2000-2009,Area 09 calendars,Calendarios del Área 09,"Area calendars, 2000–2009","Calendarios del Área, 2000–2009",folder,1mR2mcL0d-TJE1pA6WDwhIsiuUfkeqNKB,files,calendars,,,,https://msca09aa-archives.org/area-09-calendars,40065,
area-09-calendars-area-calendars-2010-2019,Area 09 calendars,Calendarios del Área 09,"Area calendars, 2010–2019","Calendarios del Área, 2010–2019",folder,1np6OdIdryKyrT5q5O5EzLgwzbIzHpXSN,files,calendars,,,,https://msca09aa-archives.org/area-09-calendars,40066,
area-09-calendars-area-calendars-2020-to-today,Area 09 calendars,Calendarios del Área 09,"Area calendars, 2020 to today","Calendarios del Área, 2020 a hoy",folder,1IR14D-yVsgjNrHN7VhUP-opKRzoQ-WnK,files,calendars,,,,https://msca09aa-archives.org/area-09-calendars,40067,
area-09-guidelines-and-bylaws-area-guidelines-every-revision,Area 09 guidelines and bylaws,Guías y estatutos del Área 09,Area guidelines (every revision since 1988),Guías del Área (todas las revisiones desde 1988),folder,1DDodZx5QcMZ8Ac6GbP3tEq1_wbhzXTrT,files,guidelines,,,,https://msca09aa-archives.org/area-09-guidelines-1,50075,
area-09-guidelines-and-bylaws-area-bylaws-every-revision-sin,Area 09 guidelines and bylaws,Guías y estatutos del Área 09,Area bylaws (every revision since 1988),Estatutos del Área (todas las revisiones desde 1988),folder,1XsxQsMy73gyYB_Smh-sh9rzEN6ZfOCsW,files,guidelines,,,,https://msca09aa-archives.org/area-09-guidelines-1,50076,
area-09-guidelines-and-bylaws-accessibilities-committee-guid,Area 09 guidelines and bylaws,Guías y estatutos del Área 09,Accessibilities Committee guidelines (2000–2003),Guías del Comité de Accesibilidades (2000–2003),folder,1xD2UjGky_s0A9f14JhZ5EWQxvPbf-yTX,files,guidelines,,,accessibilities,https://msca09aa-archives.org/area-09-guidelines-1,50077,
area-09-guidelines-and-bylaws-communications-committee-guide,Area 09 guidelines and bylaws,Guías y estatutos del Área 09,Communications Committee guidelines (2009–2023),Guías del Comité de Comunicaciones (2009–2023),folder,1eI1QcA0d8Gne27jW8Ee0WjXKZe2fMfhv,files,guidelines,,,communications,https://msca09aa-archives.org/area-09-guidelines-1,50079,
area-09-guidelines-and-bylaws-convention-liaison-guidelines-,Area 09 guidelines and bylaws,Guías y estatutos del Área 09,Convention Liaison guidelines (1991–2005),Guías de Enlace de Convenciones (1991–2005),folder,1R3I15uYmxE5U09lmby5cBBzUxP2a-j0l,files,guidelines,,,convention-liaison,https://msca09aa-archives.org/area-09-guidelines-1,50080,
area-09-guidelines-and-bylaws-cec-committee-guidelines-since,Area 09 guidelines and bylaws,Guías y estatutos del Área 09,CEC Committee guidelines (2006),Guías del Comité de CEC (2006),folder,1O7OsW05ZYfE6RCkJjPHK-5ViPcmoI4El,files,guidelines,,,cec,https://msca09aa-archives.org/area-09-guidelines-1,50081,
area-09-guidelines-and-bylaws-cpc-committee-guidelines-since,Area 09 guidelines and bylaws,Guías y estatutos del Área 09,CPC Committee guidelines (2003),Guías del Comité de CCP (2003),folder,1NSBGs_f5ZiSki_1K8RNoR8P85BHUPrfT,files,guidelines,,,cpc,https://msca09aa-archives.org/area-09-guidelines-1,50082,
area-09-guidelines-and-bylaws-corrections-committee-guidelin,Area 09 guidelines and bylaws,Guías y estatutos del Área 09,Corrections Committee guidelines (2007),Guías del Comité de Correccionales (2007),folder,1FPJrvVTnVDPon2oiXhiEhU_Y6Fw-if8i,files,guidelines,,,corrections,https://msca09aa-archives.org/area-09-guidelines-1,50083,
area-09-guidelines-and-bylaws-dcm-school-guidelines-since-20,Area 09 guidelines and bylaws,Guías y estatutos del Área 09,DCM School guidelines (2004–2021),Guías de la Escuela de MCD (2004–2021),folder,12J3tTqEwr1eZ5jQrD4PkPE2Isbxwos6j,files,guidelines,,,dcm-school,https://msca09aa-archives.org/area-09-guidelines-1,50084,
area-09-guidelines-and-bylaws-finance-committee-guidelines-s,Area 09 guidelines and bylaws,Guías y estatutos del Área 09,Finance Committee guidelines (1988–2005),Guías del Comité de Finanzas (1988–2005),folder,18e_BVSMQ35Zea2PRSVap3Y55YdM7WmUp,files,guidelines,,,finance,https://msca09aa-archives.org/area-09-guidelines-1,50085,
area-09-guidelines-and-bylaws-gsr-school-guidelines-since-20,Area 09 guidelines and bylaws,Guías y estatutos del Área 09,GSR School guidelines (since 2004),Guías de la Escuela de RSG (desde 2004),folder,1hkaRC0UUNIajSSgWYDaSuZNWSJKudkCk,files,guidelines,,,gsr-school,https://msca09aa-archives.org/area-09-guidelines-1,50086,
area-09-guidelines-and-bylaws-grapevine-la-vi-a-guidelines-s,Area 09 guidelines and bylaws,Guías y estatutos del Área 09,Grapevine & La Viña guidelines (1991–2015),Guías de Grapevine y La Viña (1991–2015),folder,1Q38capOkie39kf8ljpR82LcvrQw0Q_kz,files,guidelines,,,grapevine-la-vina,https://msca09aa-archives.org/area-09-guidelines-1,50087,
area-09-guidelines-and-bylaws-gap-committee-guidelines-since,Area 09 guidelines and bylaws,Guías y estatutos del Área 09,GAP Committee guidelines (2016–2017),Guías del Comité GAP (2016–2017),folder,1O1k-PBPx1_tmeDL0o2HPQ5lIP-_3mcXv,files,guidelines,,,guidelines-policies,https://msca09aa-archives.org/area-09-guidelines-1,50088,
area-09-guidelines-and-bylaws-literature-committee-guideline,Area 09 guidelines and bylaws,Guías y estatutos del Área 09,Literature Committee guidelines (1995–2013),Guías del Comité de Literatura (1995–2013),folder,1_AuCnpRKsqXA0wxA3Hec86RPvfpDh37R,files,guidelines,,,literature,https://msca09aa-archives.org/area-09-guidelines-1,50089,
area-09-guidelines-and-bylaws-public-information-committee-g,Area 09 guidelines and bylaws,Guías y estatutos del Área 09,Public Information Committee guidelines (1989–2004),Guías del Comité de Información Pública (1989–2004),folder,188oCd7bRew1uN5AS-YWIyeEHASYkkrQj,files,guidelines,,,public-information,https://msca09aa-archives.org/area-09-guidelines-1,50090,
area-09-guidelines-and-bylaws-registration-committee-guideli,Area 09 guidelines and bylaws,Guías y estatutos del Área 09,Registration Committee guidelines (2004),Guías del Comité de Registro (2004),folder,1P6ma3-ZHaipwGPGNqvnua9acgUGF_3CN,files,guidelines,,,registration,https://msca09aa-archives.org/area-09-guidelines-1,50091,
area-09-guidelines-and-bylaws-technology-committee-guideline,Area 09 guidelines and bylaws,Guías y estatutos del Área 09,Technology Committee guidelines (2022),Guías del Comité de Tecnología (2022),folder,1FXXMDZUZ5RswjyJbCbT4RmSWE1qMAtNx,files,guidelines,,,technology,https://msca09aa-archives.org/area-09-guidelines-1,50092,
area-09-guidelines-and-bylaws-treatment-committee-guidelines,Area 09 guidelines and bylaws,Guías y estatutos del Área 09,Treatment Committee guidelines (2004),Guías del Comité de Tratamiento (2004),folder,1BAMlsyNai5TuAmFZp5Q1PIyXkVgGjFMd,files,guidelines,,,treatment,https://msca09aa-archives.org/area-09-guidelines-1,50093,
area-09-guidelines-and-bylaws-young-people-s-committee-guide,Area 09 guidelines and bylaws,Guías y estatutos del Área 09,Young People's Committee guidelines (2019),Guías del Comité de Jóvenes en A.A. (2019),folder,13Vjpp49HBdeUK5WLcx_y1_pCQaE-xRHG,files,guidelines,,,ypaa,https://msca09aa-archives.org/area-09-guidelines-1,50094,
area-09-guidelines-and-bylaws-area-sound-guidelines-since-20,Area 09 guidelines and bylaws,Guías y estatutos del Área 09,Area sound guidelines (2012–2019),Guías de sonido del Área (2012–2019),folder,1nzIQTwXpVAjZd4UsuDmCaFONWD4OMwNe,files,guidelines,,,,https://msca09aa-archives.org/area-09-guidelines-1,50095,
area-09-guidelines-and-bylaws-foro-planning-guidelines-since,Area 09 guidelines and bylaws,Guías y estatutos del Área 09,FORO planning guidelines (1993–2005),Guías para planificar el FORO (1993–2005),folder,1jpT1FWtQCwzRnKvGChjwJEF1zz1gAfL6,files,guidelines,,,,https://msca09aa-archives.org/area-09-guidelines-1,50096,
area-09-guidelines-and-bylaws-guidelines-for-hosting-an-area,Area 09 guidelines and bylaws,Guías y estatutos del Área 09,Guidelines for hosting an Area meeting (2011),Guías para ser anfitrión de una reunión del Área (2011),folder,1StWUdGMBzOfPlBFpTxE0f1bQA5SvC0Yh,files,guidelines,,,,https://msca09aa-archives.org/area-09-guidelines-1,50097,
area-09-guidelines-and-bylaws-symposium-of-service-sos-guide,Area 09 guidelines and bylaws,Guías y estatutos del Área 09,"Symposium of Service (SOS) guidelines, 1993 – now the Pre-Conference Workshop","Guías del Simposio de Servicio (SOS), 1993 – hoy el Taller Pre-Conferencia (inglés)",file,1ac2BsE43jZlj1L06cbL66ZsTwL6gO0pj,files,guidelines,English,,,https://msca09aa-archives.org/area-09-guidelines-1,50098,
area-09-guidelines-and-bylaws-district-guidelines,Area 09 guidelines and bylaws,Guías y estatutos del Área 09,District guidelines,Guías de los distritos,folder,15pydQYglmOJRJaNNK_8E4rRaRS9GecnJ,files,guidelines,,,,https://msca09aa-archives.org/area-09-guidelines-1,50099,"Districts Districts 1,4,5,8,9,12,15,17,18"
area-09-newsletters-area-newsletter-english-1976-1979,Area 09 newsletters,Boletines del Área 09,"Area newsletter (English), 1976–1979","Boletín del Área (inglés), 1976–1979",folder,15wuabLlR_XEBeKvMpniJEsybXYKinsmW,files,newsletters,English,,,https://msca09aa-archives.org/area-09-newsletters,60100,
area-09-newsletters-area-newsletter-spanish-1976-1979,Area 09 newsletters,Boletines del Área 09,Area newsletter with Spanish pages (1978),Boletín del Área con páginas en español (1978),folder,1fVmS2xYKe-4qGl9HuLGesxyTy6weVypg,files,newsletters,Bilingual,,,https://msca09aa-archives.org/area-09-newsletters,60101,
area-09-newsletters-area-newsletter-english-1980-1989,Area 09 newsletters,Boletines del Área 09,"Area newsletter (English), 1980–1989","Boletín del Área (inglés), 1980–1989",folder,1PrMhybZs75tp53Tom9bh9YxjMpS5JC-f,files,newsletters,English,,,https://msca09aa-archives.org/area-09-newsletters,60102,
area-09-newsletters-area-newsletter-spanish-1980-1989,Area 09 newsletters,Boletines del Área 09,"Area newsletter (Spanish), 1980–1989","Boletín del Área (español), 1980–1989",folder,1mLIn__V49CuFOOUiyq8Kjsveuackcmu_,files,newsletters,Spanish,,,https://msca09aa-archives.org/area-09-newsletters,60103,
area-09-newsletters-area-newsletter-english-1990-1999,Area 09 newsletters,Boletines del Área 09,"Area newsletter (English), 1990–1999","Boletín del Área (inglés), 1990–1999",folder,1NpRb-r0sU0QLFZ83P1Rz9Kxg3cRPdl9Z,files,newsletters,English,,,https://msca09aa-archives.org/area-09-newsletters,60104,
area-09-newsletters-area-newsletter-spanish-1990-1999,Area 09 newsletters,Boletines del Área 09,"Area newsletter (Spanish), 1990–1999","Boletín del Área (español), 1990–1999",folder,1McH68ZtijFcUt4kIqzpYbrvSZAzEo_oV,files,newsletters,Spanish,,,https://msca09aa-archives.org/area-09-newsletters,60105,
area-09-newsletters-area-newsletter-english-2000-2009,Area 09 newsletters,Boletines del Área 09,"Area newsletter (English), 2000–2009","Boletín del Área (inglés), 2000–2009",folder,1_fY8n_2ZW_YryFcllvFpNRtaaM4MIq9x,files,newsletters,English,,,https://msca09aa-archives.org/area-09-newsletters,60106,
area-09-newsletters-area-newsletter-spanish-2000-2009,Area 09 newsletters,Boletines del Área 09,"Area newsletter (Spanish), 2000–2009","Boletín del Área (español), 2000–2009",folder,1jhWQPEd6_kbQTqM2HG23kgU6XrC1z0U8,files,newsletters,Spanish,,,https://msca09aa-archives.org/area-09-newsletters,60107,
area-09-newsletters-area-newsletter-english-2010-2019,Area 09 newsletters,Boletines del Área 09,"Area newsletter (English), 2010–2019","Boletín del Área (inglés), 2010–2019",folder,1dicaEkPfpaGYVYx6HMNu_9Bb_r2q0Bfn,files,newsletters,English,,,https://msca09aa-archives.org/area-09-newsletters,60108,
area-09-newsletters-area-newsletter-spanish-2010-2019,Area 09 newsletters,Boletines del Área 09,"Area newsletter (Spanish), 2010–2019","Boletín del Área (español), 2010–2019",folder,1ERWExhY3jPDmFbm3wK8D09jThxf8gTST,files,newsletters,Spanish,,,https://msca09aa-archives.org/area-09-newsletters,60109,
area-09-newsletters-area-newsletter-english-2020-to-today,Area 09 newsletters,Boletines del Área 09,"Area newsletter (English), 2020 to today","Boletín del Área (inglés), 2020 a hoy",folder,12NmjfSjmfVnhNzUDBcJoQkd6gpUtmKfX,files,newsletters,English,,,https://msca09aa-archives.org/area-09-newsletters,60110,
area-09-newsletters-area-newsletter-spanish-2020-to-today,Area 09 newsletters,Boletines del Área 09,"Area newsletter (Spanish), 2020 to today","Boletín del Área (español), 2020 a hoy",folder,1-yFI_0i9q-n-X_1KJuWEzgVSv3BHs-Tp,files,newsletters,Spanish,,,https://msca09aa-archives.org/area-09-newsletters,60111,
area-09-service-events-foro,Area 09 service events,Eventos de servicio del Área 09,FORO,FORO,folder,1KrdUFh93PSWTUFJsV64_02QSUFFe-gI9,link,misc,,,,https://msca09aa-archives.org/area-09-service-events,70112,
area-09-service-events-servathons,Area 09 service events,Eventos de servicio del Área 09,Servathons,Servathons,folder,1TybB-jz2tzccYJnzi4px3u-wbImpNdMT,link,misc,,,,https://msca09aa-archives.org/area-09-service-events,70113,
area-09-service-events-pre-conference-workshop,Area 09 service events,Eventos de servicio del Área 09,Pre-Conference Workshop,Taller Pre-Conferencia,folder,1A8ggFZU9q-8AaZj9GRXzypY3nRO4I3ZP,link,misc,,,,https://msca09aa-archives.org/area-09-service-events,70114,
area-09-service-events-praasa-speaker-recordings-1977-to-tod,Area 09 service events,Eventos de servicio del Área 09,PRAASA speaker recordings (since 1977),Grabaciones de oradores de PRAASA (desde 1977),folder,1N-nJ95cAP1bP0tcVy743VXb_wJMK14rV,off,praasa,,,,https://msca09aa-archives.org/area-09-service-events,70115,Off until the Archives chair confirms a public link (their site keeps it under 'Log in to view content').
area-09-service-events-general-service-conference-material,Area 09 service events,Eventos de servicio del Área 09,General Service Conference material,Material de la Conferencia de Servicios Generales,folder,1cDYeLR-4h_d3xTSdJ9du8KNY9ia3zUq1,link,conference,,,,https://msca09aa-archives.org/area-09-service-events,70116,
area-09-service-events-4-area-dcm-sharing,Area 09 service events,Eventos de servicio del Área 09,4-Area DCM Sharing,Compartimiento de MCD de las 4 Áreas,folder,1oKudRm4jqZ749dcgNr1qcgMhv9-oSwNm,link,misc,,,,https://msca09aa-archives.org/area-09-service-events,70117,
maps-and-atlases-area-09-map-2024,Maps and atlases,Mapas y atlas,Area 09 map (2024),Mapa del Área 09 (2024),file,1pz_xheaRlnbZi56sIDVDab6veSw1Y9Zr,files,history,,,,https://msca09aa-archives.org/maps-and-atlases,80021,
maps-and-atlases-area-09-map-2018,Maps and atlases,Mapas y atlas,Area 09 map (2018),Mapa del Área 09 (2018),file,14-ZjQerrjPeJWMMC4vcdh0nQCysODJyM,files,history,,,,https://msca09aa-archives.org/maps-and-atlases,80022,
maps-and-atlases-atlas-of-the-southern-california-area-1986,Maps and atlases,Mapas y atlas,"Atlas of the Southern California Area – Area 05, Los Angeles (March 1986)","Atlas del Área del Sur de California – Área 05, Los Ángeles (marzo de 1986)",file,1LFTo8QqSHn9xM4h_9R-I-hAYdJvcbI-N,files,history,,,,https://msca09aa-archives.org/maps-and-atlases,80023,
maps-and-atlases-district-maps,Maps and atlases,Mapas y atlas,District pages of the old Area website (printed 2017),Páginas de los distritos del antiguo sitio del Área (impresas en 2017),folder,14rot_CU4uOEHjRktCUg6dsmQue4jclg4,files,history,,,,https://msca09aa-archives.org/maps-and-atlases,80024,"Printouts of the old msca09aa.org district pages (Aug 2017), not maps; each file is titled per district by src/_data/documents.js (it matches this row's key)."
maps-and-atlases-atlas-of-mid-southern-california-area-2003,Maps and atlases,Mapas y atlas,Atlas of Mid-Southern California Area (2003),Atlas del Área del Medio Sur de California (2003),file,1Dd9q2m4XQtuQkHFETemvntD7J-VTqGJk,files,history,,,,https://msca09aa-archives.org/maps-and-atlases,80025,
maps-and-atlases-atlas-of-mid-southern-california-area-1990,Maps and atlases,Mapas y atlas,Atlas of Mid-Southern California Area (1990),Atlas del Área del Medio Sur de California (1990),file,1SJWNKfaixevOwNkj40KR-CGy3DFZDn34,files,history,,,,https://msca09aa-archives.org/maps-and-atlases,80026,
maps-and-atlases-atlas-of-mid-southern-california-area-1994,Maps and atlases,Mapas y atlas,Atlas of Mid-Southern California Area (1994),Atlas del Área del Medio Sur de California (1994),file,1i8NOSXxiY18AWlI3kidN-Pdnpqc6QgMz,files,history,,,,https://msca09aa-archives.org/maps-and-atlases,80027,
maps-and-atlases-atlas-of-the-southern-california-area-1987,Maps and atlases,Mapas y atlas,Atlas of the Southern California Area (1987),Atlas del Área del Sur de California (1987),file,1gSZCmkBFBdjIgBnG5VSJfE7dg349NqYI,files,history,,,,https://msca09aa-archives.org/maps-and-atlases,80028,
maps-and-atlases-mid-southern-california-area-map-1973,Maps and atlases,Mapas y atlas,Mid-Southern California Area map (1973),Mapa del Área del Medio Sur de California (1973),file,1HOba2v5BHqKXlLsHypXXLRC1WM8pqeft,files,history,,,,https://msca09aa-archives.org/maps-and-atlases,80029,
maps-and-atlases-the-year-each-district-formed-districts-1-3,Maps and atlases,Mapas y atlas,"The year each district formed (Districts 1–31, with notes)","El año en que se formó cada distrito (distritos 1–31, con notas)",file,1O8QKo7Cfmlck7c_XBppSs0nUaXDnRBzh,files,history,,,,https://msca09aa-archives.org/maps-and-atlases,80030,
maps-and-atlases-map-of-california-county-names,Maps and atlases,Mapas y atlas,Map of California county names,Mapa de los condados de California,file,1fx0MJoKvUkhu9mP2bGXaehrDajryUHsN,files,history,,,,https://msca09aa-archives.org/maps-and-atlases,80031,
area-09-history-gsr-preamble-origins,Area 09 history,Historia del Área 09,GSR Preamble – origins,Preámbulo del RSG – orígenes,folder,1qX02gZGeUwlt_JR0e0M3CEPkKAiQ0Ifm,files,history,,,,https://msca09aa-archives.org/about-msca09-districts,85052,
area-09-history-the-a-a-preamble-background,Area 09 history,Historia del Área 09,The A.A. Preamble – background,El Preámbulo de A.A. – antecedentes,folder,1GhvkVoMne4ruOxeiGsPbI7X1QNriigRl,files,history,,,,https://msca09aa-archives.org/about-msca09-districts,85053,
archives-committee-archives-committee-guidelines-revision-h-,Archives Committee,Comité de Archivos Históricos,"Archives Committee Guidelines, Revision G (June 2024; file named Rev. H)","Guías del Comité de Archivos, Revisión G (junio de 2024; archivo llamado Rev. H)",file,1Moy7gbtaYQl7VMncTrnfsZRdLHI-6GjC,files,archives,English,,,https://msca09aa-archives.org/archives-committee,90003,File name says Revision H; the text is the same as Revision G approved by MSCA 09/08/2024 (the committee page lists the Area's own copy).
archives-committee-archives-committee-guidelines-revision-h--x,Archives Committee,Comité de Archivos Históricos,"Archives Committee Guidelines, Revision G (June 2024, Spanish; file named Rev. H)","Guías del Comité de Archivos, Revisión G (junio de 2024, español; archivo llamado Rev. H)",file,1_t43ZLguPQjbC5PCqHiHwlRu2O3AhfnD,off,archives,Spanish,,archives,https://msca09aa-archives.org/archives-committee,90004,Same text as Revision G (Spanish); the Area's own copy is already in the library and on the committee page.
archives-committee-archives-collection-policy-revision-d-202,Archives Committee,Comité de Archivos Históricos,"Archives Collection Policy, Revision D (2024)","Política de colecciones de Archivos, Revisión D (2024, inglés)",file,1Tp2M22d5zh0EXpQh72YPOH8CyQEtyXX_,files,archives,English,,archives,https://msca09aa-archives.org/archives-committee,90005,
archives-committee-master-accession-code-sheet-june-2026,Archives Committee,Comité de Archivos Históricos,Master accession code sheet (June 2026),Hoja maestra de códigos de registro (junio de 2026),file,1nahGQoly_ViKv15I0wRZBYrPMNbPHD5c,files,archives,,,,https://msca09aa-archives.org/archives-committee,90006,
archives-committee-deed-of-gift-english,Archives Committee,Comité de Archivos Históricos,Deed of gift (English),Certificado de donación (inglés),file,1n9mlB5bJZX33p5hwOhbxYsT6otaXM82l,files,archives,English,,archives,https://msca09aa-archives.org/archives-committee,90007,
archives-committee-inventory-sheet-deed-of-gift-english-word,Archives Committee,Comité de Archivos Históricos,"Inventory sheet – deed of gift (English, Word)","Hoja de inventario – certificado de donación (inglés, Word)",file,1_Dqj5jXQbrBMnFlC8Y5mnivRomipglS8,files,archives,English,,,https://msca09aa-archives.org/archives-committee,90008,
archives-committee-inventory-sheet-existing-materials-englis,Archives Committee,Comité de Archivos Históricos,"Inventory sheet – existing materials (English, Word)","Hoja de inventario – materiales existentes (inglés, Word)",file,1KWuX5smWacigLz4smRCDRw0I848E3HzX,files,archives,English,,,https://msca09aa-archives.org/archives-committee,90009,
archives-committee-deed-of-gift-spanish,Archives Committee,Comité de Archivos Históricos,Deed of gift (Spanish),Certificado de donación,file,1FQLSGCX1AX34no9qeWRL7g37PZbfjOEn,files,archives,Spanish,,archives,https://msca09aa-archives.org/archives-committee,90010,
archives-committee-inventory-sheet-deed-of-gift-spanish,Archives Committee,Comité de Archivos Históricos,Inventory sheet – deed of gift (Spanish),Hoja de inventario – certificado de donación,file,1187xRrE5L6jHmBxMSivnPordj__S6GqS,files,archives,Spanish,,,https://msca09aa-archives.org/archives-committee,90011,
archives-committee-inventory-sheet-existing-materials-spanis,Archives Committee,Comité de Archivos Históricos,Inventory sheet – existing materials (Spanish),Hoja de inventario – materiales existentes,file,18hCY7j-A9jU8Ds0lzE20_67GuGXdX61S,files,archives,Spanish,,,https://msca09aa-archives.org/archives-committee,90012,
archives-committee-guidelines-for-taping-oral-histories-2011,Archives Committee,Comité de Archivos Históricos,Guidelines for taping oral histories (2011),"Guías para grabar historias orales (2011, inglés)",file,1SYMy1L0LkZk1xsSSSzXCwuC7KVm-ZOhM,files,archives,English,,archives,https://msca09aa-archives.org/archives-committee,90013,
archives-committee-guidelines-for-taping-oral-histories-2015,Archives Committee,Comité de Archivos Históricos,"Guidelines for taping oral histories (2015, Spanish)",Guías del MSCA para grabar historias orales (2015),file,1tX5FQuzArspASAso6rRrbxmGKUp51h_u,files,archives,Spanish,,archives,https://msca09aa-archives.org/archives-committee,90014,
archives-committee-archives-collection-policy-revision-d-202-x,Archives Committee,Comité de Archivos Históricos,"Archives Collection Policy, Revision D (2024, Spanish)","Política de colecciones de Archivos, Revisión D (2024)",file,1KoM_rS2vh_0yy_VXSgePuO-O6bpg09_e,files,archives,Spanish,,archives,https://msca09aa-archives.org/archives-committee,90015,
archives-committee-archives-committee-agendas,Archives Committee,Comité de Archivos Históricos,Archives Committee agendas,Agendas del Comité de Archivos,folder,1h_BTF7vS57yiqPNok9bfNbo-_Neu0hVR,link,archives,,,archives,https://msca09aa-archives.org/archives-committee,90016,
archives-committee-archives-committee-minutes,Archives Committee,Comité de Archivos Históricos,Archives Committee minutes,Actas del Comité de Archivos,folder,1Hry5HkzV9b7o5ic93WR6xtmmHKhHMZMv,link,archives,,,archives,https://msca09aa-archives.org/archives-committee,90017,
archives-committee-archives-committee-guidelines-every-revis,Archives Committee,Comité de Archivos Históricos,Archives Committee guidelines (every revision since 1985),Guías del Comité de Archivos (todas las revisiones desde 1985),folder,1HD2pPeYWm5x5RELTRSzmbp3_aPH5eF1S,files,guidelines,,,,https://msca09aa-archives.org/archives-committee,90018,
archives-committee-archives-presentations,Archives Committee,Comité de Archivos Históricos,Archives presentations,Presentaciones de Archivos,folder,1cs1AbzPTxM6XIisZA0HKBliHr3IdVtz_,link,archives,,,archives,https://msca09aa-archives.org/archives-committee,90019,
archives-committee-presentation-scripts,Archives Committee,Comité de Archivos Históricos,Presentation scripts,Guiones de presentaciones,folder,1Qo6_Ndr8mCG6JaNF4AWJtQC-TnobpPeV,link,archives,,,archives,https://msca09aa-archives.org/archives-committee,90020,
archivist-workshop-simple-book-repair-manual-2015,Archivist workshop,Taller para archivistas,Simple book repair manual (2015),"Manual sencillo de reparación de libros (2015, inglés)",file,1XnImSPwx44BLrV4X1x1v2RBgtWoa6kTO,files,archives,English,,archives,https://msca09aa-archives.org/archivist-workshop,95032,
archivist-workshop-paper-treatment-buffering-with-magnesium-,Archivist workshop,Taller para archivistas,Paper treatment: buffering with magnesium bicarbonate,Tratamiento del papel: amortiguación con bicarbonato de magnesio (inglés),file,1o-X8qzlDoUwKQ624PtWoFAuPrqVVbUNI,files,archives,English,,archives,https://msca09aa-archives.org/archivist-workshop,95033,
archivist-workshop-storage-temperature-and-humidity-log-2024,Archivist workshop,Taller para archivistas,Storage temperature and humidity log (2024),Registro de temperatura y humedad del depósito (2024),file,1lnJivvJU5qVh9BBzvE_8JXsglms9z336,files,archives,,,,https://msca09aa-archives.org/archivist-workshop,95034,
archivist-workshop-preservation,Archivist workshop,Taller para archivistas,Preservation,Preservación,folder,1xfV3H8p-F25lYgYfwfdJ5sF6DiqhvUnm,link,archives,,,archives,https://msca09aa-archives.org/archivist-workshop,95035,
archivist-workshop-master-accession-code-sheet-may-2020,Archivist workshop,Taller para archivistas,Master accession code sheet (May 2020),Hoja maestra de códigos de registro (mayo de 2020),file,1BG-E7gihzRXyySFJ-611uPzBjsQ2v8nR,files,archives,,,,https://msca09aa-archives.org/archivist-workshop,95036,
archivist-workshop-area-09-newsletters-archivist-copy,Archivist workshop,Taller para archivistas,Area 09 newsletters (archivist copy),Boletines del Área 09 (copia de archivo),folder,18WSLtO6MJpEjrV9naO1Hq3jm8u6LPZWG,off,archives,,,archives,https://msca09aa-archives.org/archivist-workshop,95037,Same files as the Area 09 newsletters section.
archivist-workshop-other-a-a-newsletters,Archivist workshop,Taller para archivistas,Other A.A. newsletters,Otros boletines de A.A.,folder,1dSmT8SbvGFfAmMKHZXUl2cz7Bz73Jm81,link,archives,,,archives,https://msca09aa-archives.org/archivist-workshop,95038,
archivist-workshop-cataloging-accession-codes,Archivist workshop,Taller para archivistas,Cataloging (accession codes),Catalogación (códigos de registro),folder,1pK1tTGVhyDsswp1jfffFN7e6Btmj9Jo1,link,archives,,,archives,https://msca09aa-archives.org/archivist-workshop,95039,
archivist-workshop-speaker-tapes-and-cds-inventory-2025,Archivist workshop,Taller para archivistas,Speaker tapes and CDs – inventory (2025),Cintas y CD de oradores – inventario (2025),file,1OYcl5V2jZLiwmpFb_BGGMLvF9kzwjbZ5,off,archives,,,,https://msca09aa-archives.org/archivist-workshop,95040,Held: the spreadsheet prints phone numbers (data/flyer-holds.csv).
archivist-workshop-films-videotapes-and-dvds-inventory-2021,Archivist workshop,Taller para archivistas,"Films, videotapes and DVDs – inventory (2021)","Películas, videocintas y DVD – inventario (2021)",file,1ZXOaXNKJJrclXuuD8JYxa3Hqnm8XsJqB,files,archives,,,,https://msca09aa-archives.org/archivist-workshop,95041,
archivist-workshop-box-inventory-sorting-room-2021,Archivist workshop,Taller para archivistas,"Box inventory, sorting room (2021)","Inventario de cajas, sala de clasificación (2021)",file,1kgHnUYNn8PTqwesKq-AGu_m_ol6Hr20w,files,archives,,,,https://msca09aa-archives.org/archivist-workshop,95042,
archivist-workshop-archives-inventory-summary-scanned-conten,Archivist workshop,Taller para archivistas,Archives inventory summary (scanned content 2018–21),Resumen del inventario de Archivos (contenido escaneado 2018–21),file,1kGqW1tyIuzNxPu_PUoJ8qZ3TdqnH26I_,files,archives,,,,https://msca09aa-archives.org/archivist-workshop,95043,
archivist-workshop-inventory,Archivist workshop,Taller para archivistas,Inventory,Inventario,folder,16UaCzimpThYqlU93f3yPZdN6YUT8ugaU,link,archives,,,archives,https://msca09aa-archives.org/archivist-workshop,95044,
archivist-workshop-g-s-o-archives-workbook-m-44i-2013,Archivist workshop,Taller para archivistas,G.S.O. Archives Workbook M-44I (2013),"Libro de trabajo de Archivos Históricos de la OSG M-44I (2013, inglés)",file,1SVtZc_834KeDsEwRWp4DFqfH4FTZmSYK,files,archives,English,,archives,https://msca09aa-archives.org/archivist-workshop,95045,
archivist-workshop-g-s-o-archives-workbook-spanish-sm-44i-20,Archivist workshop,Taller para archivistas,"G.S.O. Archives Workbook (Spanish, SM-44I, 2012)",Libro de trabajo de Archivos Históricos SM-44I (2012),file,1dDMDP9F3Zu15lglyQ5vAcbV4NGHSHB8f,files,archives,Spanish,,archives,https://msca09aa-archives.org/archivist-workshop,95046,
archivist-workshop-what-to-collect-i-have-a-box-in-the-back-,Archivist workshop,Taller para archivistas,What to collect: “I have a box in the back of my car”,Qué coleccionar: “Tengo una caja en la cajuela” (inglés),file,17AMjjwLY4AyHlOgmoAhSvX8wEfsm4rj3,files,archives,English,,archives,https://msca09aa-archives.org/archivist-workshop,95047,
archivist-workshop-what-to-collect-and-what-not-to-collect,Archivist workshop,Taller para archivistas,What to collect and what not to collect,Qué coleccionar y qué no (inglés),file,1pxK7lQGvZ9WS8BFmEfObje6khUuBwamS,files,archives,English,,archives,https://msca09aa-archives.org/archivist-workshop,95048,
archivist-workshop-tips-for-collecting-oral-histories,Archivist workshop,Taller para archivistas,Tips for collecting oral histories,Consejos para recopilar historias orales (inglés),file,1YqBTIQ__UNs7h9t8_suR-lTL9XjP3iQP,files,archives,English,,archives,https://msca09aa-archives.org/archivist-workshop,95049,
archivist-workshop-conservation-of-pamphlets-by-sewing-cordi,Archivist workshop,Taller para archivistas,Conservation of pamphlets by sewing (cording),Conservación de folletos cosiéndolos (inglés),file,1j1hTkw-FHWBjdAVBwhctyXeekcC5mk0J,files,archives,English,,archives,https://msca09aa-archives.org/archivist-workshop,95050,
archivist-workshop-district-archives-chair-duties-and-respon,Archivist workshop,Taller para archivistas,District archives chair: duties and responsibilities,Coordinador(a) de archivos del distrito: deberes y responsabilidades (inglés),file,1AkAZLGxV6V_TO0kTM9N1dLRy_EkgZglM,files,archives,English,,archives,https://msca09aa-archives.org/archivist-workshop,95051,
open-house-2025-open-house-2025-dr-william-silkworth-present,Open House 2025,Casa Abierta 2025,Open House 2025 – Dr. William Silkworth: presentation,Casa Abierta 2025 – Dr. William Silkworth: presentación,file,16rpM70s0QzjkQ9JB8b4hly8PF9gnpc6N,files,archives,English,,archives,https://msca09aa-archives.org/open-house-2025,100150,
open-house-2025-open-house-2025-dr-william-silkworth-video-w,Open House 2025,Casa Abierta 2025,Open House 2025 – Dr. William Silkworth: video with English and Spanish subtitles,Casa Abierta 2025 – Dr. William Silkworth: video con subtítulos en inglés y español,file,19Bl20lkbdo-JINSc8jq_ZDxtGGjcocfh,files,archives,Bilingual,,archives,https://msca09aa-archives.org/open-house-2025,100151,
open-house-2025-open-house-2025-dr-william-silkworth-speaker,Open House 2025,Casa Abierta 2025,Open House 2025 – Dr. William Silkworth: speaker notes,Casa Abierta 2025 – Dr. William Silkworth: notas del presentador,file,1FVBXNIFmP5Ge44RbUtCtkTvzUXK3ajfO,files,archives,English,,archives,https://msca09aa-archives.org/open-house-2025,100152,
open-house-2025-open-house-2025-dr-william-silkworth-1951-gr,Open House 2025,Casa Abierta 2025,"Open House 2025 – Dr. William Silkworth: “The Little Doctor Who Loved Drunks” (Grapevine, May 1951)","Casa Abierta 2025 – Dr. William Silkworth: “El pequeño doctor que amaba a los borrachos” (Grapevine, mayo de 1951)",file,1Coy8kSjrMlxoBaP4T2deSnTSF6sW-Gna,files,archives,English,,archives,https://msca09aa-archives.org/open-house-2025,100153,
open-house-2025-open-house-2025-dr-william-silkworth-spanish,Open House 2025,Casa Abierta 2025,Open House 2025 – Dr. William Silkworth: “The Little Doctor Who Loved Drunks” (Spanish),Casa Abierta 2025 – Dr. William Silkworth: “El pequeño doctor que amaba a los borrachos” (en español),file,1LlQ5FrndJYc6qLZhOBbbaMtoc31-0KJ8,files,archives,Spanish,,archives,https://msca09aa-archives.org/open-house-2025,100154,
open-house-2025-open-house-2025-rev-sam-shoemaker-presentati,Open House 2025,Casa Abierta 2025,Open House 2025 – Rev. Sam Shoemaker: presentation,Casa Abierta 2025 – Rev. Sam Shoemaker: presentación,file,1oyt_FBRcy58hq8OMeBAYRvazWwIEeKBB,files,archives,English,,archives,https://msca09aa-archives.org/open-house-2025,100155,
open-house-2025-open-house-2025-rev-sam-shoemaker-video-with,Open House 2025,Casa Abierta 2025,Open House 2025 – Rev. Sam Shoemaker: video with English and Spanish subtitles,Casa Abierta 2025 – Rev. Sam Shoemaker: video con subtítulos en inglés y español,file,1jYgJJd_bIT58SUGFf1jvOV6Lh0aNkLYL,files,archives,Bilingual,,archives,https://msca09aa-archives.org/open-house-2025,100156,
open-house-2025-open-house-2025-rev-sam-shoemaker-speaker-no,Open House 2025,Casa Abierta 2025,Open House 2025 – Rev. Sam Shoemaker: speaker notes,Casa Abierta 2025 – Rev. Sam Shoemaker: notas del presentador,file,1yegz3dZ6gYAxmVUQ71aCi2fRuYFV9tgf,files,archives,English,,archives,https://msca09aa-archives.org/open-house-2025,100157,
open-house-2025-open-house-2025-rev-sam-shoemaker-audio-reco,Open House 2025,Casa Abierta 2025,Open House 2025 – Rev. Sam Shoemaker: audio recording,Casa Abierta 2025 – Rev. Sam Shoemaker: grabación de audio,file,1z2JVR82r5ltAfkUmoqMHluULijckURHO,files,archives,English,,archives,https://msca09aa-archives.org/open-house-2025,100158,
open-house-2025-open-house-2025-rev-sam-shoemaker-spanish-te,Open House 2025,Casa Abierta 2025,Open House 2025 – Rev. Sam Shoemaker: Spanish text,Casa Abierta 2025 – Rev. Sam Shoemaker: texto en español,file,1vwJGqt8JGonUZbeeS5clD1P3A29gICo4,files,archives,Spanish,,archives,https://msca09aa-archives.org/open-house-2025,100159,
open-house-2025-open-house-2025-dr-harry-tiebout-presentatio,Open House 2025,Casa Abierta 2025,Open House 2025 – Dr. Harry Tiebout: presentation,Casa Abierta 2025 – Dr. Harry Tiebout: presentación,file,1r-yLO-VZfpYUyDp_Sid-WPwbEkGaKvE2,files,archives,English,,archives,https://msca09aa-archives.org/open-house-2025,100160,
open-house-2025-open-house-2025-dr-harry-tiebout-video-with-,Open House 2025,Casa Abierta 2025,Open House 2025 – Dr. Harry Tiebout: video with English and Spanish subtitles,Casa Abierta 2025 – Dr. Harry Tiebout: video con subtítulos en inglés y español,file,1QBFQME2mhswK0Cuh7FOla3CHT_CwkNH6,files,archives,Bilingual,,archives,https://msca09aa-archives.org/open-house-2025,100161,
open-house-2025-open-house-2025-dr-harry-tiebout-speaker-not,Open House 2025,Casa Abierta 2025,Open House 2025 – Dr. Harry Tiebout: speaker notes,Casa Abierta 2025 – Dr. Harry Tiebout: notas del presentador,file,1nryq5s0fq_7vrf0kwqmqoeHVKybjnUYx,files,archives,English,,archives,https://msca09aa-archives.org/open-house-2025,100162,
open-house-2025-open-house-2025-dr-harry-tiebout-audio-recor,Open House 2025,Casa Abierta 2025,Open House 2025 – Dr. Harry Tiebout: audio recording,Casa Abierta 2025 – Dr. Harry Tiebout: grabación de audio,file,1UhT6wqox8XbSKHz--r4umbrvoZTY22qL,files,archives,English,,archives,https://msca09aa-archives.org/open-house-2025,100163,
open-house-2025-open-house-2025-dr-harry-tiebout-spanish-tex,Open House 2025,Casa Abierta 2025,Open House 2025 – Dr. Harry Tiebout: Spanish text,Casa Abierta 2025 – Dr. Harry Tiebout: texto en español,file,1CeyGRQgha91A-Mo0_A5ehjGH1S9KSp8A,files,archives,Spanish,,archives,https://msca09aa-archives.org/open-house-2025,100164,
open-house-2025-open-house-2025-dr-harry-tiebout-audio-in-sp,Open House 2025,Casa Abierta 2025,Open House 2025 – Dr. Harry Tiebout: audio in Spanish,Casa Abierta 2025 – Dr. Harry Tiebout: audio en español,file,1Uqm3ZAIn2WzxwN9A_JWythm4b1jXvZvf,files,archives,Spanish,,archives,https://msca09aa-archives.org/open-house-2025,100165,
open-house-2025-open-house-2025-sister-ignatia-presentation,Open House 2025,Casa Abierta 2025,Open House 2025 – Sister Ignatia: presentation,Casa Abierta 2025 – Hermana Ignacia: presentación,file,1-D0qf6lw51YVSKtuKeYMeX4X5Umct6lp,files,archives,English,,archives,https://msca09aa-archives.org/open-house-2025,100166,
open-house-2025-open-house-2025-sister-ignatia-video-with-en,Open House 2025,Casa Abierta 2025,Open House 2025 – Sister Ignatia: video with English and Spanish subtitles,Casa Abierta 2025 – Hermana Ignacia: video con subtítulos en inglés y español,file,1xMTDXyBAGff9s5JolYE3MVz0qxcVXybe,files,archives,Bilingual,,archives,https://msca09aa-archives.org/open-house-2025,100167,
open-house-2025-open-house-2025-sister-ignatia-speaker-notes,Open House 2025,Casa Abierta 2025,Open House 2025 – Sister Ignatia: speaker notes,Casa Abierta 2025 – Hermana Ignacia: notas del presentador,file,1yv9AYXc6DuXxiG0kisGUZbdZrwTd3MKE,files,archives,English,,archives,https://msca09aa-archives.org/open-house-2025,100168,
open-house-2025-open-house-2025-sister-ignatia-audio-recordi,Open House 2025,Casa Abierta 2025,Open House 2025 – Sister Ignatia: audio recording,Casa Abierta 2025 – Hermana Ignacia: grabación de audio,file,1C72hFbBCrXdevutVwDaobXAfhlmGpTAp,files,archives,English,,archives,https://msca09aa-archives.org/open-house-2025,100169,
open-house-2025-open-house-2025-sister-ignatia-spanish-text,Open House 2025,Casa Abierta 2025,Open House 2025 – Sister Ignatia: Spanish text,Casa Abierta 2025 – Hermana Ignacia: texto en español,file,1x4GzQ0SGpTbd5_mJhQoHItTA4g1capbc,files,archives,Spanish,,archives,https://msca09aa-archives.org/open-house-2025,100170,
2025-international-convention-recordings-2025-international-,2025 International Convention recordings,Grabaciones de la Convención Internacional 2025,2025 International Convention – Friday Big Meeting (audio),Convención Internacional 2025 – Reunión grande del viernes (audio),file,1RgRw0d5HZl1Mv-bz_Yol04Ng3E_1jlYH,off,misc,,,,https://msca09aa-archives.org/recordings-2025-vancouver,110146,Off on 2026-10-08: International Convention recordings are A.A. World Services' copyright — ask the Archives chair whether redistributing them is allowed before switching back to files/link.
2025-international-convention-recordings-2025-international--x,2025 International Convention recordings,Grabaciones de la Convención Internacional 2025,2025 International Convention – Saturday Big Meeting (audio),Convención Internacional 2025 – Reunión grande del sábado (audio),file,1vnwc7GiREq4GZOko51rk7kZnADRXn6um,off,misc,,,,https://msca09aa-archives.org/recordings-2025-vancouver,110147,Off on 2026-10-08: International Convention recordings are A.A. World Services' copyright — ask the Archives chair whether redistributing them is allowed before switching back to files/link.
2025-international-convention-recordings-2025-international--x-x,2025 International Convention recordings,Grabaciones de la Convención Internacional 2025,2025 International Convention – Sunday Big Meeting (audio),Convención Internacional 2025 – Reunión grande del domingo (audio),file,1V-wUwSCllTA3QEe_7Sp7WB3k33sDio7l,off,misc,,,,https://msca09aa-archives.org/recordings-2025-vancouver,110148,Off on 2026-10-08: International Convention recordings are A.A. World Services' copyright — ask the Archives chair whether redistributing them is allowed before switching back to files/link.
2025-international-convention-recordings-2025-international--x-x-x,2025 International Convention recordings,Grabaciones de la Convención Internacional 2025,"2025 International Convention, Vancouver – all recordings","Convención Internacional 2025, Vancouver – todas las grabaciones",folder,1_ms_ZI99mKYZTNKDu3voxoPOXxrV4XPz,off,misc,,,,https://msca09aa-archives.org/recordings-2025-vancouver,110149,Off on 2026-10-08: International Convention recordings are A.A. World Services' copyright — ask the Archives chair whether redistributing them is allowed before switching back to files/link.
