id,collection,category,title_en,title_es,date,year,language,format,size_kb,meeting_type,district,committee,source,publish,anonymity_flag,drive_path,url,notes
"# One row per document in the library (/documents/). The site shows a row only when publish = yes AND it has a link (url, or a drive_path that scripts/drive_ids.py turns into a link). Full guide: scripts/README-documents.md.",,,,,,,,,,,,,,,,,,
"# id = short unique name (never change it). collection = Current | Archive (documents from the previous panel's first year on are always Current). category = the shelf: Minutes, Agendas, Motions, Reports, Delegate, Finances, Guidelines, Conference, GSO, Workbooks, Service, Forms, Calendar, Contributions, Newsletters, District, Flyers, PRAASA, Archives, Misc. title_en / title_es = titles (Spanish one optional). date = 2026-10-11 or 2026-10 (year alone goes in year). language = English | Spanish | Bilingual. format = PDF | Word | Excel | PowerPoint.",,,,,,,,,,,,,,,,,,
"# meeting_type = ASC | ASA | Board (Area minutes and agendas — with the exact date they are matched to /service/area-meetings/). district = d01-03, d05 … committee = committee slug. publish = yes | review (held for an anonymity check — never shown) | no (never shown). anonymity_flag = why it is held. drive_path = path in the Area Drive starting with docs/. url = Drive link. ANONYMITY: run python scripts/scan-documents.py --file <your.pdf> before adding a file.",,,,,,,,,,,,,,,,,,
archive-gso-2020-letter-from-the-aa-grapevine-board-chair-december-2020-en,Archive,GSO,Letter from the AA Grapevine board chair (December 2020),Carta del presidente de la junta de AA Grapevine (diciembre de 2020),2020-12-24,2020,English,PDF,86,,,grapevine-la-vina,msca09aa.org (media library),yes,,docs/archive/gso/2020/letter-from-the-aa-grapevine-board-chair-december-2020-en.pdf,https://drive.google.com/file/d/1AlJnhk_a2m-J3b3x_JuCpRlPoIS8s1b3/view,
archive-gso-2020-letter-from-the-aa-grapevine-board-chair-december-2020-es,Archive,GSO,Letter from the AA Grapevine board chair (December 2020),Carta del presidente de la junta de AA Grapevine (diciembre de 2020),2020-12-24,2020,Spanish,PDF,89,,,grapevine-la-vina,msca09aa.org (media library),yes,,docs/archive/gso/2020/letter-from-the-aa-grapevine-board-chair-december-2020-es.pdf,https://drive.google.com/file/d/1C8PkaXRQKiedwENZTh9rlWH0pm8_GTTh/view,
archive-gso-2020-aa-grapevine-announcement-to-conference-members-december-2020-en,Archive,GSO,AA Grapevine announcement to Conference members (December 2020),Anuncio de AA Grapevine a los miembros de la Conferencia (diciembre de 2020),2020-12-21,2020,English,PDF,90,,,grapevine-la-vina,msca09aa.org (media library),yes,,docs/archive/gso/2020/aa-grapevine-announcement-to-conference-members-december-2020-en.pdf,https://drive.google.com/file/d/1iGit36SJblxsCuUT9bCN_Gwx9i8PkeUe/view,
archive-conference-2020-proposed-agenda-items-for-the-71st-gsc-as-of-december-18-2020-en-redacted,Archive,Conference,"Proposed agenda items for the 71st GSC – as of December 18, 2020",Puntos propuestos para la agenda de la 71.ª CSG – al 18 de diciembre de 2020,2020-12-18,2020,English,PDF,185,,,,msca09aa.org (media library),yes,,docs/archive/conference/2020/proposed-agenda-items-for-the-71st-gsc-as-of-december-18-2020-en-redacted.pdf,https://drive.google.com/file/d/15nqA20Drl5OYAb_EGe8cKhzHP4esgW9L/view,"Anonymity-redacted copy: full names shortened to first name + last initial, personal e-mails and phone numbers removed. Original (held for review): private copy in MSCA09AA-private"
archive-gso-2020-notice-to-conference-members-about-gso-staff-changes-december-2020-en,Archive,GSO,Notice to Conference members about GSO staff changes (December 2020),Aviso a los miembros de la Conferencia sobre cambios en el personal de la OSG (diciembre de 2020),2020-12-16,2020,English,PDF,89,,,,msca09aa.org (media library),yes,,docs/archive/gso/2020/notice-to-conference-members-about-gso-staff-changes-december-2020-en.pdf,https://drive.google.com/file/d/1smsjvFpbpmi70BBttLqxNfazdwzD5_SV/view,"Re-redacted 2026-10-06: names shortened to first name + initial; personal contact details, addresses and sobriety dates removed (scripts/scan-documents.py)."
archive-gso-2020-fellowship-connection-launch-announcement-december-2020-en,Archive,GSO,Fellowship Connection launch announcement (December 2020),Anuncio del lanzamiento de Fellowship Connection (diciembre de 2020),2020-12-14,2020,English,PDF,145,,,,msca09aa.org (media library),yes,,docs/archive/gso/2020/fellowship-connection-launch-announcement-december-2020-en.pdf,https://drive.google.com/file/d/1YvPNiqThrCroDToVUDIpT7jTv6j0WpUa/view,
archive-pages-2020-12-14-december-13-2020-delegate-s-sharing-session,Archive,Delegate,"December 13, 2020 — Delegate’s Sharing Session",13 de diciembre de 2020 — Sesión de compartimiento del delegado,2020-12-13,2020,English,PDF,13,,,delegate,msca09aa.org,yes,,docs/archive/pages/2020-12-14-december-13-2020-delegate-s-sharing-session.pdf,https://drive.google.com/file/d/12Iu-o-NvuzUIDln3U-quOSfDtTjSXMPO/view,"Drive shows the source, so a PDF copy is preferred; PDF copy of the archived web page; url pending (run scripts/drive_ids.py)"
reports-2020-corrections-correspondence-cec-committee-minutes-december-13-2020-en,Archive,Reports,"Cooperation with the Elder Community (CEC) Committee Minutes – December 13, 2020",Actas del Comité de Cooperación con la Comunidad de la Tercera Edad (CEC) – 13 de diciembre de 2020,2020-12-13,2020,English,PDF,200,,,cec,msca09aa.org (media library),yes,,docs/reports/2020/corrections-correspondence-cec-committee-minutes-december-13-2020-en.pdf,https://drive.google.com/file/d/1UyXQCN5EIgZQbvxunU23T4VLZYGBs_Cz/view,
archive-minutes-2021-202012-decasc-minutes-final-spanish-final-es,Archive,Minutes,ASC Minutes – December 2020,Actas del CSA – diciembre de 2020,2020-12-13,2020,Spanish,PDF,551,ASC,,,msca09aa.org,yes,,docs/archive/minutes/2021/202012-decasc-minutes-final-spanish-final-es.pdf,https://drive.google.com/file/d/1QpOkyPDsukQBtvCJcZW1HmhwA0BtsuMd/view,
archive-minutes-2021-20201213-decemberascminutes-final-english-en,Archive,Minutes,ASC Minutes – December 2020,Actas del CSA – diciembre de 2020,2020-12-13,2020,English,PDF,459,ASC,,,msca09aa.org,yes,,docs/archive/minutes/2021/20201213-decemberascminutes-final-english-en.pdf,https://drive.google.com/file/d/1AzuuSvJjZgFY2Y0ed96QiHJdpBr4bEFl/view,
reports-2020-corrections-correspondence-cec-committee-report-december-6-2020-en,Archive,Reports,"Cooperation with the Elder Community (CEC) Committee Report – December 6, 2020",Informe del Comité de Cooperación con la Comunidad de la Tercera Edad (CEC) – 6 de diciembre de 2020,2020-12-06,2020,English,PDF,186,,,cec,msca09aa.org (media library),yes,,docs/reports/2020/corrections-correspondence-cec-committee-report-december-6-2020-en.pdf,https://drive.google.com/file/d/19mXq4wiPyRdz-bRnV3lTsVN-rJZQSC9U/view,
reports-2020-corrections-correspondence-cec-committee-minutes-december-6-2020-en,Archive,Reports,"Cooperation with the Elder Community (CEC) Committee Minutes – December 6, 2020",Actas del Comité de Cooperación con la Comunidad de la Tercera Edad (CEC) – 6 de diciembre de 2020,2020-12-06,2020,English,PDF,413,,,cec,msca09aa.org (media library),yes,,docs/reports/2020/corrections-correspondence-cec-committee-minutes-december-6-2020-en.pdf,https://drive.google.com/file/d/1cipIrGklX1uWHmZ-nGXHk6V9moYHQi-X/view,
archive-gso-2020-seventh-tradition-letter-from-the-gso-general-manager-december-2020-en,Archive,GSO,Seventh Tradition letter from the GSO General Manager (December 2020),Carta sobre la Séptima Tradición del gerente general de la OSG (diciembre de 2020),2020-12,2020,English,PDF,112,,,,msca09aa.org (media library),yes,,docs/archive/gso/2020/seventh-tradition-letter-from-the-gso-general-manager-december-2020-en.pdf,https://drive.google.com/file/d/1qRrL3ZIgnF0ziJxoc7q59jnI78F0wOaz/view,
reports-treasurer-ap-2020-income-and-expense-4th-quarter-2020-en,Archive,Finances,Income and expense – 4th quarter 2020,Ingresos y gastos – 4.º trimestre de 2020,2020-12,2020,English,PDF,33,,,treasurer-ap,msca09aa.org (media library),yes,,docs/reports/Treasurer AP/2020/income-and-expense-4th-quarter-2020-en.pdf,https://drive.google.com/file/d/1B4CRiFMb6ttEhI98vxEdJwgdrIsVYQhs/view,
reports-2020-district-8-report-to-the-area-december-2020-en,Archive,Reports,District 8 Report to the Area – December 2020,Informe del Distrito 8 al Área – diciembre de 2020,2020-12,2020,English,PDF,76,,d08,,msca09aa.org (media library),yes,,docs/reports/2020/district-8-report-to-the-area-december-2020-en.pdf,https://drive.google.com/file/d/1IdjGWnTURjjUb95zf70iIGrBQZ5dGlx3/view,
archive-districts-d8-2020-dist-8-minutes-december2020-en-redacted,Archive,District,District 8 Minutes – December 2020,Actas del Distrito 8 – diciembre de 2020,2020-12,2020,English,PDF,150,,d08,,area09.org (legacy site),yes,,docs/archive/districts/d8/2020/dist-8-minutes-december2020-en-redacted.pdf,https://drive.google.com/file/d/18HV3oopoewLdiWTM0-fbqkf_-G91ltQY/view,"Anonymity-redacted copy: full names shortened to first name + last initial, personal e-mails and phone numbers removed. Original (held for review): docs/archive/districts/d8/2020/dist-8-minutes-december2020-en.pdf"
archive-reports-2021-202012-decemberreport-district12-en-redacted,Archive,Reports,District 12 Report to the Area – December 2020,Informe del Distrito 12 al Área – diciembre de 2020,2020-12,2020,English,PDF,69,,d12,,msca09aa.org,yes,,docs/archive/reports/2021/202012-decemberreport-district12-en-redacted.pdf,https://drive.google.com/file/d/1ZuBhT-m9zW-C-s_WsvglSW6secY2SLLx/view,"Anonymity-redacted copy: full names shortened to first name + last initial, personal e-mails and phone numbers removed. Original (held for review): docs/archive/reports/2021/202012-decemberreport-district12-en.pdf"
archive-reports-2021-202012-conventionliasionreport-english-en,Archive,Reports,Convention Liaison Report – December 2020,Informe de Enlace con la Convención – diciembre de 2020,2020-12,2020,English,PDF,528,,,convention-liaison,msca09aa.org,yes,,docs/archive/reports/2021/202012-conventionliasionreport-english-en.pdf,https://drive.google.com/file/d/1l3og50cYLd0AOEilHfrb2H0IXCuU3_OU/view,
archive-flyers-2020-carry-the-message-gift-a-big-book-flyer-2020-12-en,Archive,Flyers,Carry the Message – gift a Big Book (flyer),Lleva el mensaje – regala un Libro Grande (volante),2020-12,2020,English,PDF,358,,,literature,msca09aa.org (media library),yes,,docs/archive/flyers/2020/carry-the-message-gift-a-big-book-flyer-2020-12-en.pdf,https://drive.google.com/file/d/1AoU7Yg1-_GqHI-eJOO1LK2waav-KRDh7/view,
archive-flyers-2020-carry-the-message-gift-a-big-book-flyer-2020-12-es,Archive,Flyers,Carry the Message – gift a Big Book (flyer),Lleva el mensaje – regala un Libro Grande (volante),2020-12,2020,Spanish,PDF,358,,,literature,msca09aa.org (media library),yes,,docs/archive/flyers/2020/carry-the-message-gift-a-big-book-flyer-2020-12-es.pdf,https://drive.google.com/file/d/1MYu2Y4Bsohc1NX9uAO2i0jaxiPe_UIZP/view,
archive-misc-2021-aaws-highlights-dec2020-spanish-1-es,Archive,Misc,A.A.W.S. Highlights Dec 2020 Spanish 1 2021,A.A.W.S. Highlights diciembre de 2020 (español) 1 2021,2020-12,2020,Spanish,PDF,118,,,,msca09aa.org,yes,,docs/archive/misc/2021/aaws-highlights-dec2020-spanish-1-es.pdf,https://drive.google.com/file/d/1P4ezhNBO3KkTXC-cSL9xqqbnIM9_ZNYz/view,
archive-misc-2021-aaws-highlights-dec2020-english-en,Archive,Misc,A.A.W.S. Highlights Dec 2020 2021,A.A.W.S. Highlights diciembre de 2020 2021,2020-12,2020,English,PDF,114,,,,msca09aa.org,yes,,docs/archive/misc/2021/aaws-highlights-dec2020-english-en.pdf,https://drive.google.com/file/d/1Nmv-Z3pL6xBYToIl7gCWTLQI7rw8A2kk/view,
archive-reports-2021-202012-decemberreport-districto24-en,Archive,Reports,202012 December Report Districto 24 2021,202012 diciembre Informe Districto 24 2021,2020-12,2020,English,PDF,27,,,,msca09aa.org,yes,,docs/archive/reports/2021/202012-decemberreport-districto24-en.pdf,https://drive.google.com/file/d/1aAoD-GQQmZLI09axAU-Jr4p_hC7zTOmK/view,
archive-reports-2021-202012-decemberdistrictreport-combineddistricts-1and3-docx-googl-en-redacted,Archive,Reports,202012 December District Report Combined Districts 1 and 3.docx Google Docs,202012 diciembre Informe de distrito Combined Districts 1 y 3.docx Google Docs,2020-12,2020,English,PDF,135,,,,msca09aa.org,yes,,docs/archive/reports/2021/202012-decemberdistrictreport-combineddistricts-1and3-docx-googl-en-redacted.pdf,https://drive.google.com/file/d/1R4XxrVNSRhXakSrIijDjA6rRlat2Kav6/view,"Anonymity-redacted copy: full names shortened to first name + last initial, personal e-mails and phone numbers removed. Original (held for review): docs/archive/reports/2021/202012-decemberdistrictreport-combineddistricts-1and3-docx-googl-en.pdf"
archive-reports-2021-202012-areastandingcommitteereport-dcm-school-en,Archive,Reports,202012 Area Standing Committee Report D.C.M. School,202012 Area Standing Comité Informe MCD School,2020-12,2020,English,PDF,41,,,dcm-school,msca09aa.org,yes,,docs/archive/reports/2021/202012-areastandingcommitteereport-dcm-school-en.pdf,https://drive.google.com/file/d/1jEihrc95TmJqwRgi3l_d5VyV0lLRsJuf/view,
archive-reports-2021-202012-areastandingcommitteereport-cec-en,Archive,Reports,202012 Area Standing Committee Report CEC 2021,202012 Area Standing Comité Informe CEC 2021,2020-12,2020,English,PDF,96,,,cec,msca09aa.org,yes,,docs/archive/reports/2021/202012-areastandingcommitteereport-cec-en.pdf,https://drive.google.com/file/d/1W22blz1AUbJ_lDYm8E8pqCqw67MtPD9q/view,
archive-gso-2020-u-s-canada-west-regional-forum-virtual-final-report-2020-12-en,Archive,GSO,2020 U.S./Canada West Regional Forum (virtual) – final report,Foro Regional Virtual EE. UU./Canadá Oeste 2020 – informe final,2020-12,2020,English,PDF,312,,,,msca09aa.org (media library),yes,,docs/archive/gso/2020/u-s-canada-west-regional-forum-virtual-final-report-2020-12-en.pdf,https://drive.google.com/file/d/1OyY5FAQ4BITlH861qp6OPx12Hdac8Lu7/view,"Re-redacted 2026-10-06: names shortened to first name + initial; personal contact details, addresses and sobriety dates removed (scripts/scan-documents.py)."
archive-gso-2020-u-s-canada-west-regional-forum-virtual-final-report-2020-12-es,Archive,GSO,2020 U.S./Canada West Regional Forum (virtual) – final report,Foro Regional Virtual EE. UU./Canadá Oeste 2020 – informe final,2020-12,2020,Spanish,PDF,303,,,,msca09aa.org (media library),yes,,docs/archive/gso/2020/u-s-canada-west-regional-forum-virtual-final-report-2020-12-es.pdf,https://drive.google.com/file/d/1MVHS5qaOdXCi-Lke5_cEXJ3ioB0DmndT/view,"Re-redacted 2026-10-06: names shortened to first name + initial; personal contact details, addresses and sobriety dates removed (scripts/scan-documents.py)."
archive-pages-2020-11-23-november-22-2020-zoom-board-meeting-report,Archive,Reports,"November 22, 2020 — Zoom Board Meeting Report",22 de noviembre de 2020 — Zoom Reunión de la Junta Informe,2020-11-22,2020,English,PDF,5,,,,msca09aa.org,yes,,docs/archive/pages/2020-11-23-november-22-2020-zoom-board-meeting-report.pdf,https://drive.google.com/file/d/10jI6mT5CByihw6QYiPYDvUG5Pja368I3/view,"Drive shows the source, so a PDF copy is preferred; PDF copy of the archived web page; url pending (run scripts/drive_ids.py)"
archive-flyers-2020-us-can-west-11-20-2020-en,Archive,Flyers,"US CAN West November 20, 2020",,2020-11-20,2020,English,PDF,148,,,,area09.org (legacy site),yes,,docs/archive/flyers/2020/us-can-west-11-20-2020-en.pdf,https://drive.google.com/file/d/1uxFXCFEgOgRXQRcPgI1j80m1335Bp2IE/view,
archive-flyers-2020-2020-sri-december-alcathon-flyer-11-15-20-en,Archive,Flyers,"2020 SRI December Alcathon Flyer November 15, 2020",2020 SRI diciembre Alcathon Volante 15 de noviembre de 2020,2020-11-15,2020,English,PDF,279,,,,area09.org (legacy site),yes,,docs/archive/flyers/2020/2020-sri-december-alcathon-flyer-11-15-20-en.pdf,https://drive.google.com/file/d/1U0WPmqm-IzOh-JG62Dm0tkizV4qMV4D_/view,
archive-conference-2020-71st-gsc-proposed-agenda-items-2020-11-11-spanish-es,Archive,Conference,"71st G.S.C. Proposed Agenda Items (2020 11 11, Spanish)","71.ª CSG Puntos de agenda propuestos (2020 11 11, (español))",2020-11-11,2020,Spanish,PDF,108,,,,area09.org (legacy site),yes,,docs/archive/conference/2020/71st-gsc-proposed-agenda-items-2020-11-11-spanish-es.pdf,https://drive.google.com/file/d/1ZoQdk5PJqfJl8AAKjSfTZrApNaYSIucy/view,
archive-conference-2020-71st-gsc-proposed-agenda-items-2020-11-11-english-en,Archive,Conference,"71st G.S.C. Proposed Agenda Items (2020 11 11, English)","71.ª CSG Puntos de agenda propuestos (2020 11 11, (inglés))",2020-11-11,2020,English,PDF,94,,,,area09.org (legacy site),yes,,docs/archive/conference/2020/71st-gsc-proposed-agenda-items-2020-11-11-english-en.pdf,https://drive.google.com/file/d/1-972b8z1GDr5pQgHcuQLkHVKRip1QzZ3/view,
archive-districts-d12-2020-gsr-meeting-minutes-11-05-2020-en,Archive,District,"District 12 GSR meeting minutes – November 5, 2020",Actas de la reunión de RSG del Distrito 12 – 5 de noviembre de 2020,2020-11-05,2020,English,PDF,168,,d12,,area09.org (legacy site),yes,,docs/archive/districts/d12/2020/gsr-meeting-minutes-11-05-2020-en.pdf,https://drive.google.com/file/d/1lpsyh_04uWEJcQlhblHDzhvGWepQpVvV/view,
archive-reports-2021-november-2020-district-8-report-docx-en,Archive,Reports,District 8 Report to the Area – November 2020,Informe del Distrito 8 al Área – noviembre de 2020,2020-11,2020,English,PDF,90,,d08,,msca09aa.org,yes,,docs/archive/reports/2021/november-2020-district-8-report-docx-en.pdf,https://drive.google.com/file/d/1Foz-VsE5B8O_h0N40dES5irXh2ljYz-r/view,
archive-districts-d8-2020-dist-8-minutes-november2020-en,Archive,District,District 8 Minutes – November 2020,Actas del Distrito 8 – noviembre de 2020,2020-11,2020,English,PDF,136,,d08,,area09.org (legacy site),yes,,docs/archive/districts/d8/2020/dist-8-minutes-november2020-en.pdf,https://drive.google.com/file/d/15Q3hGxQNDe953zfK9sN8gi2eyV9W638N/view,
archive-reports-2021-d12-november-area-report-2020-en-redacted,Archive,Reports,District 12 Report to the Area – November 2020,Informe del Distrito 12 al Área – noviembre de 2020,2020-11,2020,English,PDF,95,,d12,,msca09aa.org,yes,,docs/archive/reports/2021/d12-november-area-report-2020-en-redacted.pdf,https://drive.google.com/file/d/1F-e7Q5LpQPPQWX7Zepbeg4HZaseNHGcL/view,"Anonymity-redacted copy: full names shortened to first name + last initial, personal e-mails and phone numbers removed. Original (held for review): docs/archive/reports/2021/d12-november-area-report-2020-en.pdf"
archive-pages-2020-10-12-october-11-2020-delegate-s-sharing-session,Archive,Delegate,"October 11, 2020 — Delegate’s Sharing Session",11 de octubre de 2020 — Sesión de compartimiento del delegado,2020-10-11,2020,English,PDF,54,,,delegate,msca09aa.org,yes,,docs/archive/pages/2020-10-12-october-11-2020-delegate-s-sharing-session.pdf,https://drive.google.com/file/d/1TUs6lDigNT6YFTHiN3f3WPTsGzh45iuD/view,"Drive shows the source, so a PDF copy is preferred; PDF copy of the archived web page; url pending (run scripts/drive_ids.py) Re-redacted 2026-10-06: names shortened to first name + initial; personal contact details, addresses and sobriety dates removed (scripts/scan-documents.py)."
archive-reports-2020-10-11-2020-area09-cpccommitteereport-en-redacted,Archive,Reports,"October 11, 2020 Area 09 C.P.C. Committee Report",11 de octubre de 2020 Area 09 C.P.C. Comité Informe,2020-10-11,2020,English,PDF,485,,,cpc,area09.org (legacy site),yes,,docs/archive/reports/2020/10-11-2020-area09-cpccommitteereport-en-redacted.pdf,https://drive.google.com/file/d/1F3I-C5VqSZ-OArVNhSC-elzCHIm0XCsw/view,"Anonymity-redacted copy: full names shortened to first name + last initial, personal e-mails and phone numbers removed. Original (held for review): docs/archive/reports/2020/10-11-2020-area09-cpccommitteereport-en.pdf Re-redacted 2026-10-06: names shortened to first name + initial; personal contact details, addresses and sobriety dates removed (scripts/scan-documents.py)."
archive-minutes-2021-minutes-aa-cec-area-9-october-11-2020-docx-en-redacted,Archive,Minutes,Minutes AA CEC Area 9 October 11 2020 2021,Actas AA CEC Area 9 11 de octubre de 2020 2021,2020-10-11,2020,English,PDF,62,,,cec,msca09aa.org,yes,,docs/archive/minutes/2021/minutes-aa-cec-area-9-october-11-2020-docx-en-redacted.pdf,https://drive.google.com/file/d/13ZqGEdcvf5cTti3IA3zIu_QllBrUj-GG/view,"Anonymity-redacted copy: full names shortened to first name + last initial, personal e-mails and phone numbers removed. Original (held for review): docs/archive/minutes/2021/minutes-aa-cec-area-9-october-11-2020-docx-en.pdf"
minutes-2020-oct-2020-asc-minutes-es,Archive,Minutes,ASC Minutes – October 2020,Actas del CSA – octubre de 2020,2020-10-11,2020,Spanish,PDF,225,ASC,,,msca09aa.org,yes,,docs/minutes/2020/oct-2020-asc-minutes-es.pdf,https://drive.google.com/file/d/14O0QAApxQpkITrGnEIuWnCC-pyorMos5/view,
archive-minutes-2021-202010-octasc-minutes-english-final-en,Archive,Minutes,ASC Minutes – October 2020,Actas del CSA – octubre de 2020,2020-10-11,2020,English,PDF,201,ASC,,,msca09aa.org,yes,,docs/archive/minutes/2021/202010-octasc-minutes-english-final-en.pdf,https://drive.google.com/file/d/1arPfzTOW8DKpRLE6_dk5Egqx8TTxGBVH/view,
archive-districts-d5-2020-gsr-workshop-2020-oct-25-en,Archive,District,G.S.R. WORKSHOP 2020 Oct 25,Taller de RSG 2020 octubre 25,2020-10,2020,English,PDF,372,,d05,,area09.org (legacy site),yes,,docs/archive/districts/d5/2020/gsr-workshop-2020-oct-25-en.pdf,https://drive.google.com/file/d/1N_uX45Ghf5XpYTxtvw05VhFtXeslh_pM/view,
archive-reports-2021-october-2020-district-8-report-docx-en,Archive,Reports,District 8 Report to the Area – October 2020,Informe del Distrito 8 al Área – octubre de 2020,2020-10,2020,English,PDF,67,,d08,,msca09aa.org,yes,,docs/archive/reports/2021/october-2020-district-8-report-docx-en.pdf,https://drive.google.com/file/d/17lycvGrCblAgM9iwHdoER7SaAHRN0pGs/view,
archive-districts-d8-2020-oct-2020-minutes-en,Archive,District,District 8 Minutes – October 2020,Actas del Distrito 8 – octubre de 2020,2020-10,2020,English,PDF,135,,d08,,area09.org (legacy site),yes,,docs/archive/districts/d8/2020/oct-2020-minutes-en.pdf,https://drive.google.com/file/d/1za4bX76J4eLk77u_vZc5zOlbzLq3UPNm/view,
archive-reports-2020-202010-district4-report-docx-en,Archive,Reports,District 4 Report to the Area – October 2020,Informe del Distrito 4 al Área – octubre de 2020,2020-10,2020,English,PDF,52,,d04,,area09.org (legacy site),yes,,docs/archive/reports/2020/202010-district4-report-docx-en.pdf,https://drive.google.com/file/d/1K5siuq3_N0NeiPCO0KkEVJpA7xoUHeju/view,
reports-2020-district-25-report-to-the-area-october-2020-en,Archive,Reports,District 25 Report to the Area – October 2020,Informe del Distrito 25 al Área – octubre de 2020,2020-10,2020,English,PDF,20,,d25,,msca09aa.org (media library),yes,,docs/reports/2020/district-25-report-to-the-area-october-2020-en.pdf,https://drive.google.com/file/d/1Cq-7FNHLve_GxfRO6Y6PUE3bzAvNHmhs/view,
archive-reports-2020-202010-district12-october-area-report-docx-en-redacted,Archive,Reports,District 12 Report to the Area – October 2020,Informe del Distrito 12 al Área – octubre de 2020,2020-10,2020,English,PDF,30,,d12,,area09.org (legacy site),yes,,docs/archive/reports/2020/202010-district12-october-area-report-docx-en-redacted.pdf,https://drive.google.com/file/d/1S9h8eLQMbxRUaIerUiTNuJMgBpyWn14I/view,"Anonymity-redacted copy: full names shortened to first name + last initial, personal e-mails and phone numbers removed. Original (held for review): docs/archive/reports/2020/202010-district12-october-area-report-docx-en.pdf"
archive-misc-2020-aaws-highlights-oct2020-spanish-es,Archive,Misc,A.A.W.S. Highlights Oct 2020 (Spanish),A.A.W.S. Highlights octubre de 2020 (español),2020-10,2020,Spanish,PDF,126,,,,area09.org (legacy site),yes,,docs/archive/misc/2020/aaws-highlights-oct2020-spanish-es.pdf,https://drive.google.com/file/d/1PXFCfWA95RORaN9nyEyQQLQqB7iiLtsP/view,
archive-misc-2020-aaws-highlights-oct2020-english-en,Archive,Misc,A.A.W.S. Highlights Oct 2020 (English),A.A.W.S. Highlights octubre de 2020 (inglés),2020-10,2020,English,PDF,125,,,,area09.org (legacy site),yes,,docs/archive/misc/2020/aaws-highlights-oct2020-english-en.pdf,https://drive.google.com/file/d/1Sc3jM3lRho5KPxlQU9MGKcjrqIYqCcJF/view,
archive-reports-2020-202010-handi-committeereport-en,Archive,Reports,202010 H&I Committee Report,202010 H&I Comité Informe,2020-10,2020,English,PDF,21,,,hospitals-institutions,area09.org (legacy site),yes,,docs/archive/reports/2020/202010-handi-committeereport-en.pdf,https://drive.google.com/file/d/1jxTp1XvTDmAndnKRmJ8BVtf3uDAWTITf/view,
archive-reports-2020-202010-gsrschoolreport-en,Archive,Reports,202010 G.S.R. School Report,202010 RSG School Informe,2020-10,2020,English,PDF,19,,,gsr-school,area09.org (legacy site),yes,,docs/archive/reports/2020/202010-gsrschoolreport-en.pdf,https://drive.google.com/file/d/1Sbbj553gH8HZGaN_QzvxWIQ8DOqXnGjX/view,
archive-reports-2020-202010-district6-dcmcrpt-en,Archive,Reports,202010 District 6 D.C.M. Crpt,202010 Distrito 6 MCD Crpt,2020-10,2020,English,PDF,19,,d06,,area09.org (legacy site),yes,,docs/archive/reports/2020/202010-district6-dcmcrpt-en.pdf,https://drive.google.com/file/d/1YWP0mQQOZNGCmWpTo6vDZmTwI9K5uszG/view,
archive-finances-2021-msca-q3-2020-budget-2020-09-30-en,Archive,Finances,Area budget 2020,Presupuesto del Área 2020,2020-09-30,2020,English,PDF,55,,,finance,msca09aa.org,yes,,docs/archive/finances/2021/msca-q3-2020-budget-2020-09-30-en.pdf,https://drive.google.com/file/d/1TgmK3IeRoU6eA0miMCcP5mvZ3vxlUYpe/view,
archive-pages-2020-09-14-september-13-2020-virtual-area-service-assembly,Archive,Reports,"September 13, 2020 — Virtual Area Service Assembly",13 de septiembre de 2020 — Asamblea de Servicio de Área virtual,2020-09-13,2020,English,PDF,12,,,,msca09aa.org,yes,,docs/archive/pages/2020-09-14-september-13-2020-virtual-area-service-assembly.pdf,https://drive.google.com/file/d/1NAUVFRTCZjXLhjviYhCG-gnw9ENEJhnp/view,"Drive shows the source, so a PDF copy is preferred; PDF copy of the archived web page; url pending (run scripts/drive_ids.py) An old msca09aa.org page password printed in this document was removed on 2026-10-07 (same Drive file; file properties cleared)."
reports-2020-corrections-correspondence-cec-committee-minutes-september-13-2020-en,Archive,Reports,"Cooperation with the Elder Community (CEC) Committee Minutes – September 13, 2020",Actas del Comité de Cooperación con la Comunidad de la Tercera Edad (CEC) – 13 de septiembre de 2020,2020-09-13,2020,English,PDF,135,,,cec,msca09aa.org (media library),yes,,docs/reports/2020/corrections-correspondence-cec-committee-minutes-september-13-2020-en.pdf,https://drive.google.com/file/d/1cMOqLWwKzxUzeyegvsJ5vvcrDsL2Yomd/view,
archive-minutes-2021-202009-septemberasaminutes-english-final-en,Archive,Minutes,Assembly (ASA) Minutes – September 2020,Actas de la Asamblea (ASA) – septiembre de 2020,2020-09-13,2020,English,PDF,203,ASA,,,msca09aa.org,yes,,docs/archive/minutes/2021/202009-septemberasaminutes-english-final-en.pdf,https://drive.google.com/file/d/1Fb3yOfHzjvBO2pn-uRSQLnEThg8fbKrj/view,An old msca09aa.org page password printed in this document was removed on 2026-10-07 (same Drive file; file properties cleared).
archive-minutes-2021-202009-sept-asa-notas-spanish-final-2021-es-redacted,Archive,Minutes,Assembly (ASA) Minutes – September 2020,Actas de la Asamblea (ASA) – septiembre de 2020,2020-09-13,2020,Spanish,PDF,125,ASA,,,msca09aa.org,yes,,docs/archive/minutes/2021/202009-sept-asa-notas-spanish-final-2021-es-redacted.pdf,https://drive.google.com/file/d/15PZB_L2fC9f5HjwjWPNO4lrj_1CEtkaB/view,"Anonymity-redacted copy: full names shortened to first name + last initial, personal e-mails and phone numbers removed. Original (held for review): docs/archive/minutes/2021/202009-sept-asa-notas-spanish-final-2021-es.pdf Re-redacted 2026-10-06: names shortened to first name + initial; personal contact details, addresses and sobriety dates removed (scripts/scan-documents.py). An old msca09aa.org page password printed in this document was removed on 2026-10-07 (same Drive file; file properties cleared)."
archive-pages-2020-09-06-september-6-2020-step-7-serenity-prayer,Archive,Reports,"September 6, 2020 — Step 7 Serenity Prayer",6 de septiembre de 2020 — Step 7 Serenity Prayer,2020-09-06,2020,English,PDF,5,,,,msca09aa.org,yes,,docs/archive/pages/2020-09-06-september-6-2020-step-7-serenity-prayer.pdf,https://drive.google.com/file/d/1d1CnBuc4AjsQkYodj9WwcgJJj4-3uubi/view,"Drive shows the source, so a PDF copy is preferred; PDF copy of the archived web page; url pending (run scripts/drive_ids.py)"
archive-districts-d12-2020-gsr-meeting-minutes-09-03-2020-en,Archive,District,"District 12 GSR meeting minutes – September 3, 2020",Actas de la reunión de RSG del Distrito 12 – 3 de septiembre de 2020,2020-09-03,2020,English,PDF,157,,d12,,area09.org (legacy site),yes,,docs/archive/districts/d12/2020/gsr-meeting-minutes-09-03-2020-en.pdf,https://drive.google.com/file/d/1EWgSDZlRo7q9ryF2joOXo4M2EX5Fahv_/view,
archive-misc-2021-evaluation-and-summaries-for-gsb-strategic-plan-september-2020-d-en,Archive,Misc,Evaluation and Summaries for GSB Strategic Plan September 2020 Discussion Sessions en,Evaluación y resúmenes del JSG Plan Estratégico septiembre de 2020 Debate Sessions en,2020-09,2020,English,PDF,71,,,,msca09aa.org,yes,,docs/archive/misc/2021/evaluation-and-summaries-for-gsb-strategic-plan-september-2020-d-en.pdf,https://drive.google.com/file/d/1Uf7jAlEs6Cm4Xr1DdUtdA7JlEwBO5pah/view,
archive-misc-2021-evaluation-and-summaries-for-gsb-strategic-plan-september-2020-d-es,Archive,Misc,Evaluation and Summaries for GSB Strategic Plan September 2020 Discussion Sessions SP,Evaluación y resúmenes del JSG Plan Estratégico septiembre de 2020 Debate Sessions SP,2020-09,2020,Spanish,PDF,87,,,,msca09aa.org,yes,,docs/archive/misc/2021/evaluation-and-summaries-for-gsb-strategic-plan-september-2020-d-es.pdf,https://drive.google.com/file/d/18c2daSeQ1VPY26zJ5DJf9aQKESZFa_ky/view,
archive-districts-d8-2020-september-2020-minutes-en,Archive,District,District 8 Minutes – September 2020,Actas del Distrito 8 – septiembre de 2020,2020-09,2020,English,PDF,126,,d08,,area09.org (legacy site),yes,,docs/archive/districts/d8/2020/september-2020-minutes-en.pdf,https://drive.google.com/file/d/14mnJ3NtWCfnyAmQXFmDg6I1yzPrhLBNx/view,
archive-reports-2020-202009-sept-remotecommunities-ad-hoc-committeereport-en,Archive,Reports,202009 Sept Remote Communities Ad Hoc Committee Report,202009 septiembre Remote Communities Ad Hoc Comité Informe,2020-09,2020,English,PDF,113,,,remote-communities,area09.org (legacy site),yes,,docs/archive/reports/2020/202009-sept-remotecommunities-ad-hoc-committeereport-en.pdf,https://drive.google.com/file/d/1NMcbPyW5-YKqIouJEG16YX82oV4EwCQZ/view,
archive-reports-2020-202009-sept-literature-minutes-of-the-msca-09-literature-committ-en,Archive,Reports,202009 Sept Literature Minutes of the MSCA 09 Literature Committee,202009 septiembre Literature Actas de la MSCA 09 Literature Comité,2020-09,2020,English,PDF,48,,,literature,area09.org (legacy site),yes,,docs/archive/reports/2020/202009-sept-literature-minutes-of-the-msca-09-literature-committ-en.pdf,https://drive.google.com/file/d/1MljptZCYu5jNxolIMKbOfldPtE23WMw4/view,
archive-reports-2020-202009-sept-dcm-school-meeting-minutes-en,Archive,Reports,202009 Sept D.C.M. School Meeting Minutes,,2020-09,2020,English,PDF,174,,,dcm-school,area09.org (legacy site),yes,,docs/archive/reports/2020/202009-sept-dcm-school-meeting-minutes-en.pdf,https://drive.google.com/file/d/1KZMWG3JA3OxgU7Sgx8M1Szr63Hta3sgi/view,An old msca09aa.org page password printed in this document was removed on 2026-10-07 (same Drive file; file properties cleared).
archive-reports-2020-202009-sept-cpc-report-area09-9-13-2020-en-redacted,Archive,Reports,"202009 Sept C.P.C. Report Area September 9, 2013.2020",202009 septiembre C.P.C. Informe Area 9 de septiembre de 2013.2020,2020-09,2020,English,PDF,496,,,cpc,area09.org (legacy site),yes,,docs/archive/reports/2020/202009-sept-cpc-report-area09-9-13-2020-en-redacted.pdf,https://drive.google.com/file/d/1O476bylRh3y8SgrxhTUI62OsdtUjjx38/view,"Anonymity-redacted copy: full names shortened to first name + last initial, personal e-mails and phone numbers removed. Original (held for review): docs/archive/reports/2020/202009-sept-cpc-report-area09-9-13-2020-en.pdf Re-redacted 2026-10-06: names shortened to first name + initial; personal contact details, addresses and sobriety dates removed (scripts/scan-documents.py)."
archive-reports-2020-202009-sept-accessibilities-areameetingminutes-en,Archive,Reports,202009 Sept Accessibilities Area Meeting Minutes,202009 septiembre Accessibilities Area Meeting Actas,2020-09,2020,English,PDF,112,,,accessibilities,area09.org (legacy site),yes,,docs/archive/reports/2020/202009-sept-accessibilities-areameetingminutes-en.pdf,https://drive.google.com/file/d/1nmZ_UOfktBKZpwa6wvXiaif4VsSmg0-U/view,
archive-pages-2020-08-09-august-9-2020-virtual-area-service-committee,Archive,Reports,"August 9, 2020 — Virtual Area Service Committee",9 de agosto de 2020 — Comité de Servicio de Área (CSA) virtual,2020-08-09,2020,English,PDF,8,,,,msca09aa.org,yes,,docs/archive/pages/2020-08-09-august-9-2020-virtual-area-service-committee.pdf,https://drive.google.com/file/d/1KGMJ9-QmUMz4JUQbvOn6mYHWGyYzso-t/view,"Drive shows the source, so a PDF copy is preferred; PDF copy of the archived web page; url pending (run scripts/drive_ids.py)"
minutes-2020-aug-2020-asc-minutes-es,Archive,Minutes,ASC Minutes – August 2020,Actas del CSA – agosto de 2020,2020-08-09,2020,Spanish,PDF,343,ASC,,,msca09aa.org,yes,,docs/minutes/2020/aug-2020-asc-minutes-es.pdf,https://drive.google.com/file/d/1hz4EP2fPt1cjB1GVKa_hp6O1cWzBj3Lb/view,An old msca09aa.org page password printed in this document was removed on 2026-10-07 (same Drive file; file properties cleared).
archive-districts-d12-2020-gsr-meeting-minutes-08-06-2020-en-redacted,Archive,District,"District 12 GSR meeting minutes – August 6, 2020",Actas de la reunión de RSG del Distrito 12 – 6 de agosto de 2020,2020-08-06,2020,English,PDF,175,,d12,,area09.org (legacy site),yes,,docs/archive/districts/d12/2020/gsr-meeting-minutes-08-06-2020-en-redacted.pdf,https://drive.google.com/file/d/1i7pZqoWC5SxdnYclyrD4FzlR6C5Wk8Lc/view,"Anonymity-redacted copy: full names shortened to first name + last initial, personal e-mails and phone numbers removed. Original (held for review): docs/archive/districts/d12/2020/gsr-meeting-minutes-08-06-2020-en.pdf"
archive-misc-2020-my-portal-gt-english-8-5-2020-en,Archive,Misc,"My Portal GT English.August 5, 2020",My Portal GT (inglés).5 de agosto de 2020,2020-08-05,2020,English,PDF,368,,,,area09.org (legacy site),yes,,docs/archive/misc/2020/my-portal-gt-english-8-5-2020-en.pdf,https://drive.google.com/file/d/1n8dZ7TM4Mnpmqnnbdzz3NY0hW-gGP1G6/view,
archive-districts-d8-2020-august-2020-minutes-en,Archive,District,District 8 Minutes – August 2020,Actas del Distrito 8 – agosto de 2020,2020-08,2020,English,PDF,210,,d08,,area09.org (legacy site),yes,,docs/archive/districts/d8/2020/august-2020-minutes-en.pdf,https://drive.google.com/file/d/1VbOjDIYMX2V_dFTub_K6INMklErOMBWc/view,
archive-pages-2020-07-20-july-20-2020-my-reflections-on-concept-2,Archive,Reports,"July 20, 2020 — My Reflections on Concept 2",20 de julio de 2020 — My Reflections on Concept 2,2020-07-20,2020,English,PDF,12,,,,msca09aa.org,yes,,docs/archive/pages/2020-07-20-july-20-2020-my-reflections-on-concept-2.pdf,https://drive.google.com/file/d/19goQz7X-hwGu_u7wNwNJAX-7lT1CEJcO/view,"Drive shows the source, so a PDF copy is preferred; PDF copy of the archived web page; url pending (run scripts/drive_ids.py)"
archive-pages-2020-07-19-july-19-2020-virtual-zoom-board-meeting,Archive,Reports,"July 19, 2020 — Virtual Zoom Board Meeting",,2020-07-19,2020,English,PDF,5,,,,msca09aa.org,yes,,docs/archive/pages/2020-07-19-july-19-2020-virtual-zoom-board-meeting.pdf,https://drive.google.com/file/d/18JtTA2GQaKOq0ELOua-jFz3g9V_BPiMn/view,"Drive shows the source, so a PDF copy is preferred; PDF copy of the archived web page; url pending (run scripts/drive_ids.py)"
reports-2020-area-foro-2020-round-table-summaries-en,Archive,Reports,Area Foro 2020 – round-table summaries,Foro del Área 2020 – resúmenes de las mesas redondas,2020-07-12,2020,English,PDF,211,,,,msca09aa.org (media library),yes,,docs/reports/2020/area-foro-2020-round-table-summaries-en.pdf,https://drive.google.com/file/d/1jdTZ2yI2rvjMuOJAwK0Dwlaa7hdFV39a/view,
archive-districts-d12-2020-gsr-meeting-minutes-07-02-2020-en,Archive,District,"District 12 GSR meeting minutes – July 2, 2020",Actas de la reunión de RSG del Distrito 12 – 2 de julio de 2020,2020-07-02,2020,English,PDF,160,,d12,,area09.org (legacy site),yes,,docs/archive/districts/d12/2020/gsr-meeting-minutes-07-02-2020-en.pdf,https://drive.google.com/file/d/1JWq0aSqMrg1bzlqVvDZdmNO-HgkinY2P/view,
reports-treasurer-ap-2020-budget-vs-actual-2nd-quarter-2020-en,Archive,Finances,Budget vs. actual – 2nd quarter 2020,Presupuesto frente a gastos reales – 2.º trimestre de 2020,2020-07-01,2020,English,PDF,216,,,treasurer-ap,msca09aa.org (media library),yes,,docs/reports/Treasurer AP/2020/budget-vs-actual-2nd-quarter-2020-en.pdf,https://drive.google.com/file/d/1FnC09Iims1-WdFEsfJliTs1rf4Ix4DQJ/view,
archive-districts-d8-2020-july-2020-minutes-en,Archive,District,District 8 Minutes – July 2020,Actas del Distrito 8 – julio de 2020,2020-07,2020,English,PDF,460,,d08,,area09.org (legacy site),yes,,docs/archive/districts/d8/2020/july-2020-minutes-en.pdf,https://drive.google.com/file/d/1ZmXFOpCENw99tYL6v8n7xeS3wfEfrcW3/view,An old msca09aa.org page password printed in this document was removed on 2026-10-07 (same Drive file; file properties cleared).
archive-misc-2020-20200712-foro-recapnotes-revised-mcb-2020-07-18-en,Archive,Misc,2020 July Foro Recap Notes -,2020 julio Foro Recap Notas,2020-07,2020,English,PDF,149,,,,area09.org (legacy site),yes,,docs/archive/misc/2020/20200712-foro-recapnotes-revised-mcb-2020-07-18-en.pdf,https://drive.google.com/file/d/1AOkmTeYDBVsUiJFZ9qEqJfm0BBx7fd6u/view,
archive-misc-2020-20200712-foro-recapnotes-spanish-es,Archive,Misc,2020 July Foro Recap Notes -,2020 julio Foro Recap Notas,2020-07,2020,Spanish,PDF,135,,,,area09.org (legacy site),yes,,docs/archive/misc/2020/20200712-foro-recapnotes-spanish-es.pdf,https://drive.google.com/file/d/1-twi8UfqcsZ2xOeLODYArJvX84rX-D9I/view,
archive-pages-2020-06-23-june-23-2020-the-heart-and-soul-of-a-a,Archive,Reports,"June 23, 2020 — The Heart and Soul of A.A.",23 de junio de 2020 — The Heart y Soul de A.A,2020-06-23,2020,English,PDF,5,,,,msca09aa.org,yes,,docs/archive/pages/2020-06-23-june-23-2020-the-heart-and-soul-of-a-a.pdf,https://drive.google.com/file/d/12v1Dlhm7jgn2fdGv5xKPoEXOisIPax5o/view,"Drive shows the source, so a PDF copy is preferred; PDF copy of the archived web page; url pending (run scripts/drive_ids.py)"
archive-districts-d12-2020-gsr-meeting-minutes-06-04-2020-en,Archive,District,"District 12 GSR meeting minutes – June 4, 2020",Actas de la reunión de RSG del Distrito 12 – 4 de junio de 2020,2020-06-04,2020,English,PDF,159,,d12,,area09.org (legacy site),yes,,docs/archive/districts/d12/2020/gsr-meeting-minutes-06-04-2020-en.pdf,https://drive.google.com/file/d/1BjqNcpUqlzt02EVFxSDa4YN5JeTmCo49/view,
archive-districts-d8-2020-june-2020-minutes-en,Archive,District,District 8 Minutes – June 2020,Actas del Distrito 8 – junio de 2020,2020-06,2020,English,PDF,318,,d08,,area09.org (legacy site),yes,,docs/archive/districts/d8/2020/june-2020-minutes-en.pdf,https://drive.google.com/file/d/1Ojul0lKSOESUcGHx0NmFfSEht7UjO-Ui/view,
archive-misc-2020-public-reopening-ad-hoc-area-48-2020-05-29-en-redacted,Archive,Misc,PUBLIC Reopening Ad Hoc Area 48 2020.05.29,,2020-05-29,2020,English,PDF,117,,,,area09.org (legacy site),yes,,docs/archive/misc/2020/public-reopening-ad-hoc-area-48-2020-05-29-en-redacted.pdf,https://drive.google.com/file/d/1Z9CvJLrsaFKqgDu6utrQwH4FEwy-Rk_9/view,"Anonymity-redacted copy: full names shortened to first name + last initial, personal e-mails and phone numbers removed. Original (held for review): docs/archive/misc/2020/public-reopening-ad-hoc-area-48-2020-05-29-en.pdf"
archive-misc-2020-area-49-reopening-aa-groups-2020-05-23-en,Archive,Misc,Area 49 Reopening AA Groups 2020.05.23,,2020-05-23,2020,English,PDF,63,,,,area09.org (legacy site),yes,,docs/archive/misc/2020/area-49-reopening-aa-groups-2020-05-23-en.pdf,https://drive.google.com/file/d/13NtXR1yxCXXxDbNU6-GJKIJPx3JYgH1v/view,
archive-pages-2020-05-17-may-17-2020-virtual-area-service-assembly,Archive,Reports,"May 17, 2020 — Virtual Area Service Assembly",17 de mayo de 2020 — Asamblea de Servicio de Área virtual,2020-05-17,2020,English,PDF,11,,,,msca09aa.org,yes,,docs/archive/pages/2020-05-17-may-17-2020-virtual-area-service-assembly.pdf,https://drive.google.com/file/d/10lC8UB-Ejdk2gKgdOirdJoSkPXaJSDXf/view,"Drive shows the source, so a PDF copy is preferred; PDF copy of the archived web page; url pending (run scripts/drive_ids.py) An old msca09aa.org page password printed in this document was removed on 2026-10-07 (same Drive file; file properties cleared)."
minutes-2020-may-2020-asa-minutes-en,Archive,Minutes,Assembly (ASA) Minutes – May 2020,Actas de la Asamblea (ASA) – mayo de 2020,2020-05-17,2020,English,PDF,179,ASA,,,msca09aa.org,yes,,docs/minutes/2020/may-2020-asa-minutes-en.pdf,https://drive.google.com/file/d/1fCydBluogXluoEk0Hhh9_Bt-FpBPYh2-/view,
minutes-2020-may-2020-asa-minutes-es,Archive,Minutes,Assembly (ASA) Minutes – May 2020,Actas de la Asamblea (ASA) – mayo de 2020,2020-05-17,2020,Spanish,PDF,192,ASA,,,msca09aa.org,yes,,docs/minutes/2020/may-2020-asa-minutes-es.pdf,https://drive.google.com/file/d/12y1UvJNc4gr1rVILF1rchD-WSHE5N7Oh/view,
reports-treasurer-ap-2020-statement-of-activity-profit-and-loss-1st-quarter-2020-en,Archive,Finances,Statement of activity (profit & loss) – 1st quarter 2020,Estado de actividades (ingresos y gastos) – 1.er trimestre de 2020,2020-05-16,2020,English,PDF,38,,,treasurer-ap,msca09aa.org (media library),yes,,docs/reports/Treasurer AP/2020/statement-of-activity-profit-and-loss-1st-quarter-2020-en.pdf,https://drive.google.com/file/d/1xJAUpGraElSUw-BilQ0Hxzqws_iwpFuK/view,
archive-districts-d12-2020-gsr-meeting-minutes-05-07-2020-en-redacted,Archive,District,"District 12 GSR meeting minutes – May 7, 2020",Actas de la reunión de RSG del Distrito 12 – 7 de mayo de 2020,2020-05-07,2020,English,PDF,177,,d12,,area09.org (legacy site),yes,,docs/archive/districts/d12/2020/gsr-meeting-minutes-05-07-2020-en-redacted.pdf,https://drive.google.com/file/d/1gVj_T1rJW5QjEPL_GqHvNYeRVODsuo7R/view,"Anonymity-redacted copy: full names shortened to first name + last initial, personal e-mails and phone numbers removed. Original (held for review): docs/archive/districts/d12/2020/gsr-meeting-minutes-05-07-2020-en.pdf"
archive-pages-2020-05-03-may-3-2020-remote-communities,Archive,Reports,"May 3, 2020 — Remote Communities",3 de mayo de 2020 — Remote Communities,2020-05-03,2020,English,PDF,7,,,remote-communities,msca09aa.org,yes,,docs/archive/pages/2020-05-03-may-3-2020-remote-communities.pdf,https://drive.google.com/file/d/17GQ2yL386ONq3J4xjwtjkC18OLJrEC_U/view,"Drive shows the source, so a PDF copy is preferred; PDF copy of the archived web page; url pending (run scripts/drive_ids.py)"
archive-districts-d8-2020-may-2020-minutes-en,Archive,District,District 8 Minutes – May 2020,Actas del Distrito 8 – mayo de 2020,2020-05,2020,English,PDF,188,,d08,,area09.org (legacy site),yes,,docs/archive/districts/d8/2020/may-2020-minutes-en.pdf,https://drive.google.com/file/d/1ARWAWk3d0Zf4MEvwHKxIvLH1O8sV5Ua3/view,
archive-pages-2020-04-27-april-26-2020-praasa-para-so,Archive,Reports,"April 26, 2020 — PRAASA Paraíso",26 de abril de 2020 — PRAASA Paraíso,2020-04-26,2020,English,PDF,6,,,,msca09aa.org,yes,,docs/archive/pages/2020-04-27-april-26-2020-praasa-para-so.pdf,https://drive.google.com/file/d/1TNOa-PpVOwcQisJAyd6Oil2FdpBKO2RL/view,"Drive shows the source, so a PDF copy is preferred; PDF copy of the archived web page; url pending (run scripts/drive_ids.py)"
archive-pages-2020-04-13-april-12-2020-virtual-zoom-board-meeting,Archive,Reports,"April 12, 2020 — Virtual Zoom Board Meeting",,2020-04-12,2020,English,PDF,7,,,,msca09aa.org,yes,,docs/archive/pages/2020-04-13-april-12-2020-virtual-zoom-board-meeting.pdf,https://drive.google.com/file/d/1AFMBOOR4C2dLGQlRSpW8ZgKlqu-EhH71/view,"Drive shows the source, so a PDF copy is preferred; PDF copy of the archived web page; url pending (run scripts/drive_ids.py)"
archive-pages-2020-04-08-april-7-2020-the-virtual-delegate,Archive,Delegate,"April 7, 2020 — The Virtual Delegate",7 de abril de 2020 — El delegado virtual,2020-04-07,2020,English,PDF,10,,,delegate,msca09aa.org,yes,,docs/archive/pages/2020-04-08-april-7-2020-the-virtual-delegate.pdf,https://drive.google.com/file/d/1Pk2BDTvC39bR-GKcpFtGJHUrA6ucPZAz/view,"Drive shows the source, so a PDF copy is preferred; PDF copy of the archived web page; url pending (run scripts/drive_ids.py)"
archive-districts-d12-2020-gsr-meeting-minutes-04-02-2020-en,Archive,District,"District 12 GSR meeting minutes – April 2, 2020",Actas de la reunión de RSG del Distrito 12 – 2 de abril de 2020,2020-04-02,2020,English,PDF,161,,d12,,area09.org (legacy site),yes,,docs/archive/districts/d12/2020/gsr-meeting-minutes-04-02-2020-en.pdf,https://drive.google.com/file/d/15hY4mhuuWBzVcCh9L_LQ2jzTMtinBF6o/view,
archive-districts-d8-2020-april-2020-minutes-en,Archive,District,District 8 Minutes – April 2020,Actas del Distrito 8 – abril de 2020,2020-04,2020,English,PDF,177,,d08,,area09.org (legacy site),yes,,docs/archive/districts/d8/2020/april-2020-minutes-en.pdf,https://drive.google.com/file/d/1ba27BiANmJy84CuSm7Ip1DskXzri5hxW/view,
archive-newsletters-2020-apr-sp-es-redacted,Archive,Newsletters,Area Newsletter – April 2020,Boletín del Área – abril de 2020,2020-04,2020,Spanish,PDF,435,,,,area09.org (legacy site),yes,,docs/archive/newsletters/2020/apr-sp-es-redacted.pdf,https://drive.google.com/file/d/1IQOke-h5vpgwzIZcR9EH5qEwnZpdyz2R/view,"Anonymity-redacted copy: full names shortened to first name + last initial, personal e-mails and phone numbers removed. Original (held for review): docs/archive/newsletters/2020/apr-sp-es.pdf"
archive-newsletters-2020-apr-en-en-redacted,Archive,Newsletters,Area Newsletter – April 2020,Boletín del Área – abril de 2020,2020-04,2020,English,PDF,433,,,,area09.org (legacy site),yes,,docs/archive/newsletters/2020/apr-en-en-redacted.pdf,https://drive.google.com/file/d/1patDw8S_h-AmkzoRlcAjzxXtDGPX7SYO/view,"Anonymity-redacted copy: full names shortened to first name + last initial, personal e-mails and phone numbers removed. Original (held for review): docs/archive/newsletters/2020/apr-en-en.pdf Re-redacted 2026-10-06: names shortened to first name + initial; personal contact details, addresses and sobriety dates removed (scripts/scan-documents.py)."
archive-pages-2020-03-31-march-30-2020-making-the-big-book-more-accessible-while-pre,Archive,Reports,"March 30, 2020 — Making the Big Book More Accessible While Preserving Its Message",30 de marzo de 2020 — Making Big Book More Accessible While Preserving Its Message,2020-03-30,2020,English,PDF,8,,,,msca09aa.org,yes,,docs/archive/pages/2020-03-31-march-30-2020-making-the-big-book-more-accessible-while-pre.pdf,https://drive.google.com/file/d/1Zdrbq1iC-DoaWOIZhtCbxXpSumxiyiH8/view,"Drive shows the source, so a PDF copy is preferred; PDF copy of the archived web page; url pending (run scripts/drive_ids.py)"
archive-pages-2020-03-30-march-29-2020-delegate-s-report-for-virtual-zoom-board-meet,Archive,Delegate,"March 29, 2020 — Delegate’s Report for Virtual Zoom Board Meeting",,2020-03-29,2020,English,PDF,5,,,delegate,msca09aa.org,yes,,docs/archive/pages/2020-03-30-march-29-2020-delegate-s-report-for-virtual-zoom-board-meet.pdf,https://drive.google.com/file/d/19Wci9e3_wfLtzH-4VBEBshHLzEn4-23J/view,"Drive shows the source, so a PDF copy is preferred; PDF copy of the archived web page; url pending (run scripts/drive_ids.py)"
archive-pages-2020-03-24-march-23-2020-invite-me-to-your-district-meeting,Archive,Reports,"March 23, 2020 — ""Invite Me to Your District Meeting""","23 de marzo de 2020 — ""Invite Me to Your Distrito Meeting""",2020-03-23,2020,English,PDF,3,,,,msca09aa.org,yes,,docs/archive/pages/2020-03-24-march-23-2020-invite-me-to-your-district-meeting.pdf,https://drive.google.com/file/d/1aBp-sNjC209lqe3_y99gpl6sVWPa5LJq/view,"Drive shows the source, so a PDF copy is preferred; PDF copy of the archived web page; url pending (run scripts/drive_ids.py)"
archive-pages-2020-03-16-march-15-2020-delegate-s-sharing-session,Archive,Delegate,"March 15, 2020 — Delegate’s Sharing Session",15 de marzo de 2020 — Sesión de compartimiento del delegado,2020-03-15,2020,English,PDF,16,,,delegate,msca09aa.org,yes,,docs/archive/pages/2020-03-16-march-15-2020-delegate-s-sharing-session.pdf,https://drive.google.com/file/d/1klxxnrukJ0_LUDjFGpWIB-FdvRmRjjiy/view,"Drive shows the source, so a PDF copy is preferred; PDF copy of the archived web page; url pending (run scripts/drive_ids.py)"
minutes-2020-mar-2020-asc-minutes-en,Archive,Minutes,ASC Minutes – March 2020,Actas del CSA – marzo de 2020,2020-03-15,2020,English,PDF,92,ASC,,,msca09aa.org,yes,,docs/minutes/2020/mar-2020-asc-minutes-en.pdf,https://drive.google.com/file/d/19FuW_9bflcBylpzvbL7VYW7-pR-yoc9s/view,
archive-minutes-2021-202003-marasc-minutes-spanish-final-1-es,Archive,Minutes,ASC Minutes – March 2020,Actas del CSA – marzo de 2020,2020-03-15,2020,Spanish,PDF,91,ASC,,,msca09aa.org,yes,,docs/archive/minutes/2021/202003-marasc-minutes-spanish-final-1-es.pdf,https://drive.google.com/file/d/11Bfi_Cf_HWvClmhZ9dgQNUg0NRxBldj6/view,
archive-conference-2020-gsc-final-list-of-agenda-items-2020-03-06-spanish-es,Archive,Conference,"G.S.C. Final List of Agenda Items (2020 03 06, Spanish)","CSG Lista final de puntos de agenda (2020 03 06, (español))",2020-03-06,2020,Spanish,PDF,148,,,,area09.org (legacy site),yes,,docs/archive/conference/2020/gsc-final-list-of-agenda-items-2020-03-06-spanish-es.pdf,https://drive.google.com/file/d/1lQp7KOcvRizUFTIryakTu56EDDoo-QiC/view,
archive-districts-d12-2020-gsr-meeting-minutes-03-05-2020-en-redacted,Archive,District,"District 12 GSR meeting minutes – March 5, 2020",Actas de la reunión de RSG del Distrito 12 – 5 de marzo de 2020,2020-03-05,2020,English,PDF,163,,d12,,area09.org (legacy site),yes,,docs/archive/districts/d12/2020/gsr-meeting-minutes-03-05-2020-en-redacted.pdf,https://drive.google.com/file/d/1YbsNd4ByCk8NsHXrgKD3kGQDB132FHVW/view,"Anonymity-redacted copy: full names shortened to first name + last initial, personal e-mails and phone numbers removed. Original (held for review): docs/archive/districts/d12/2020/gsr-meeting-minutes-03-05-2020-en.pdf"
archive-pages-2020-02-28-february-27-2020-intergroup-participation-in-the-general-se,Archive,Reports,"February 27, 2020 — ""Intergroup Participation in the General Service Structure” by Ryan W.","27 de febrero de 2020 — ""Intergroup Participation in General Service Structure” by Ryan W",2020-02-27,2020,English,PDF,62,,,intergroups,msca09aa.org,yes,,docs/archive/pages/2020-02-28-february-27-2020-intergroup-participation-in-the-general-se.pdf,https://drive.google.com/file/d/1Wq7R7inU2zy6nEi2WC7zvqdtflct7Qfx/view,"Drive shows the source, so a PDF copy is preferred; PDF copy of the archived web page; url pending (run scripts/drive_ids.py) Re-redacted 2026-10-06: names shortened to first name + initial; personal contact details, addresses and sobriety dates removed (scripts/scan-documents.py)."
archive-pages-2020-02-26-february-25-2020-updating-the-first-164-pages-pros-and-cons,Archive,Reports,"February 25, 2020 — ""Updating the First 164 Pages – Pros and Cons”","25 de febrero de 2020 — ""Updating Primer 164 Pages – Pros y Cons”",2020-02-25,2020,English,PDF,10,,,,msca09aa.org,yes,,docs/archive/pages/2020-02-26-february-25-2020-updating-the-first-164-pages-pros-and-cons.pdf,https://drive.google.com/file/d/1gh3OJHIvtnQ4b9r7WeSHDcU2teGtbkfw/view,"Drive shows the source, so a PDF copy is preferred; PDF copy of the archived web page; url pending (run scripts/drive_ids.py)"
archive-minutes-2020-20200209-minutes-febasc-approved-english-en-redacted,Archive,Minutes,ASC Minutes – February 2020,Actas del CSA – febrero de 2020,2020-02-09,2020,English,PDF,102,ASC,,,area09.org (legacy site),yes,,docs/archive/minutes/2020/20200209-minutes-febasc-approved-english-en-redacted.pdf,https://drive.google.com/file/d/1I7FQeBGzBAVUgcDxt8mBGRRMZtXnQ7cl/view,"Anonymity-redacted copy: full names shortened to first name + last initial, personal e-mails and phone numbers removed. Original (held for review): docs/archive/minutes/2020/20200209-minutes-febasc-approved-english-en.pdf"
archive-conference-2020-gsc-proposed-agenda-items-2020-02-06-english-en,Archive,Conference,"G.S.C. Proposed Agenda Items (2020 02 06, English)","CSG Puntos de agenda propuestos (2020 02 06, (inglés))",2020-02-06,2020,English,PDF,147,,,,area09.org (legacy site),yes,,docs/archive/conference/2020/gsc-proposed-agenda-items-2020-02-06-english-en.pdf,https://drive.google.com/file/d/1uLiuJ32tYt84i4HgML4-hZLcR8iBvVFY/view,
archive-districts-d12-2020-gsr-meeting-minutes-02-06-2020-en-redacted,Archive,District,"District 12 GSR meeting minutes – February 6, 2020",Actas de la reunión de RSG del Distrito 12 – 6 de febrero de 2020,2020-02-06,2020,English,PDF,173,,d12,,area09.org (legacy site),yes,,docs/archive/districts/d12/2020/gsr-meeting-minutes-02-06-2020-en-redacted.pdf,https://drive.google.com/file/d/1zBsQBxhhIgum_WERmlwrSlAaIwP4i5im/view,"Anonymity-redacted copy: full names shortened to first name + last initial, personal e-mails and phone numbers removed. Original (held for review): docs/archive/districts/d12/2020/gsr-meeting-minutes-02-06-2020-en.pdf"
archive-newsletters-2020-area-newsletter-february-2020-es-redacted,Archive,GSO,La Viña news – January/February 2020,Noticias de La Viña – enero/febrero de 2020,2020-02,2020,Spanish,PDF,10009,,,grapevine-la-vina,msca09aa.org (media library),yes,,docs/archive/newsletters/2020/area-newsletter-february-2020-es-redacted.pdf,https://drive.google.com/file/d/1IfuoFETLItSmDgr_0LvcIPTYB2-7o5pv/view,"Anonymity-redacted copy: full names shortened to first name + last initial, personal e-mails and phone numbers removed. Original (held for review): private copy in MSCA09AA-private"
archive-pages-2020-01-20-january-19-2020-area-highlights,Archive,Reports,"January 19, 2020 — Area Highlights",19 de enero de 2020 — Area Highlights,2020-01-19,2020,English,PDF,4,,,,msca09aa.org,yes,,docs/archive/pages/2020-01-20-january-19-2020-area-highlights.pdf,https://drive.google.com/file/d/1fQ2GWaE4cmuLh7V8mf18nFgWu8ZBNE4E/view,"Drive shows the source, so a PDF copy is preferred; PDF copy of the archived web page; url pending (run scripts/drive_ids.py)"
archive-pages-2020-01-14-january-13-2020-welcome-new-chairs,Archive,Reports,"January 13, 2020 — Welcome New Chairs",13 de enero de 2020 — Welcome New Chairs,2020-01-13,2020,English,PDF,6,,,,msca09aa.org,yes,,docs/archive/pages/2020-01-14-january-13-2020-welcome-new-chairs.pdf,https://drive.google.com/file/d/1qN_7DhNtiLkL009sxbIj-WCmoPCNRd3t/view,"Drive shows the source, so a PDF copy is preferred; PDF copy of the archived web page; url pending (run scripts/drive_ids.py)"
archive-minutes-2020-20200112-minutes-jan-asa-approved-docx-en,Archive,Minutes,Assembly (ASA) Minutes – January 2020,Actas de la Asamblea (ASA) – enero de 2020,2020-01-12,2020,English,PDF,114,ASA,,,area09.org (legacy site),yes,,docs/archive/minutes/2020/20200112-minutes-jan-asa-approved-docx-en.pdf,https://drive.google.com/file/d/1VwzXZtmoZyXUIxhJD01dNpEWWWkWXXtd/view,
archive-minutes-2021-20200112-minutes-asa-january-spanish-final-es,Archive,Minutes,Assembly (ASA) Minutes – January 2020,Actas de la Asamblea (ASA) – enero de 2020,2020-01-12,2020,Spanish,PDF,223,ASA,,,msca09aa.org,yes,,docs/archive/minutes/2021/20200112-minutes-asa-january-spanish-final-es.pdf,https://drive.google.com/file/d/1fPd-FxkML33pdhG01PsMxOJ0jHa9x-uE/view,
minutes-2020-jan-2020-asc-minutes-en,Archive,Minutes,ASC Minutes – January 2020,Actas del CSA – enero de 2020,2020-01-12,2020,English,PDF,114,ASC,,,msca09aa.org,yes,,docs/minutes/2020/jan-2020-asc-minutes-en.pdf,https://drive.google.com/file/d/1P5j7xUBhVixyN23gUFvGVV8unamzgZ5Z/view,
minutes-2020-jan-2020-asc-minutes-es,Archive,Minutes,ASC Minutes – January 2020,Actas del CSA – enero de 2020,2020-01-12,2020,Spanish,PDF,223,ASC,,,msca09aa.org,yes,,docs/minutes/2020/jan-2020-asc-minutes-es.pdf,https://drive.google.com/file/d/1sm62V7hqQuwnmEu1uWYL23X4eaHA7WII/view,
reports-treasurer-ap-2020-budget-vs-actual-full-year-2019-en,Archive,Finances,Budget vs. actual – full year 2019,Presupuesto frente a gastos reales – año 2019,2020-01-11,2020,English,PDF,64,,,treasurer-ap,msca09aa.org (media library),yes,,docs/reports/Treasurer AP/2020/budget-vs-actual-full-year-2019-en.pdf,https://drive.google.com/file/d/12PdC52eZ4vXyfdCZ5J8u2mz2biv6eu4q/view,
archive-pages-2020-01-11-january-10-2020-first-contact,Archive,Reports,"January 10, 2020 — First Contact",10 de enero de 2020 — Primer Contact,2020-01-10,2020,English,PDF,6,,,,msca09aa.org,yes,,docs/archive/pages/2020-01-11-january-10-2020-first-contact.pdf,https://drive.google.com/file/d/1cbR-YHZ5PwLi9pgl87mI7BJaiO36Fis2/view,"Drive shows the source, so a PDF copy is preferred; PDF copy of the archived web page; url pending (run scripts/drive_ids.py)"
archive-districts-d12-2020-gsr-meeting-minutes-01-02-2020-en-redacted,Archive,District,"District 12 GSR meeting minutes – January 2, 2020",Actas de la reunión de RSG del Distrito 12 – 2 de enero de 2020,2020-01-02,2020,English,PDF,165,,d12,,area09.org (legacy site),yes,,docs/archive/districts/d12/2020/gsr-meeting-minutes-01-02-2020-en-redacted.pdf,https://drive.google.com/file/d/1w1xULMWXlSV0NuWvr_21DcSxqSDL7TTI/view,"Anonymity-redacted copy: full names shortened to first name + last initial, personal e-mails and phone numbers removed. Original (held for review): docs/archive/districts/d12/2020/gsr-meeting-minutes-01-02-2020-en.pdf"
archive-newsletters-2020-jan-sp-es,Archive,Newsletters,Area Newsletter – January 2020,Boletín del Área – enero de 2020,2020-01,2020,Spanish,PDF,678,,,,area09.org (legacy site),yes,,docs/archive/newsletters/2020/jan-sp-es.pdf,https://drive.google.com/file/d/15e7nm4CSG1kJnKXxsrn9OlGFBBl8zRbV/view,
archive-newsletters-2020-jan-en-en,Archive,Newsletters,Area Newsletter – January 2020,Boletín del Área – enero de 2020,2020-01,2020,English,PDF,699,,,,area09.org (legacy site),yes,,docs/archive/newsletters/2020/jan-en-en.pdf,https://drive.google.com/file/d/1sdi0kdv7d8CZVfwV8bkQCBh9qo-uzPTL/view,
archive-forms-2020-wiaa-2020-finalv2-en,Archive,Misc,What's It All about (pamphlet) 2020,,2020,2020,English,PDF,585,,,,area09.org (legacy site),yes,,docs/archive/forms/2020/wiaa-2020-finalv2-en.pdf,https://drive.google.com/file/d/1wTphs8DiSqsAHjlRHT4xc6f3DOx4ohGw/view,
archive-motions-2021-motions-2020-1-en,Archive,Motions,Motions 2020 1 2021,Mociones 2020 1 2021,2020,2020,English,PDF,144,,,,msca09aa.org,yes,,docs/archive/motions/2021/motions-2020-1-en.pdf,https://drive.google.com/file/d/1ikffhq5Mk1q17DOVfp_X6YyxpQdfl7Mp/view,
archive-flyers-2020-flyer-mysterious-concepts-final-pdf-en-redacted,Archive,Flyers,Flyer Mysterious Concepts Final PDF 2020,,2020,2020,English,PDF,358,,,,area09.org (legacy site),yes,,docs/archive/flyers/2020/flyer-mysterious-concepts-final-pdf-en-redacted.pdf,https://drive.google.com/file/d/1tdMCYhpuiJh8M55jNiTqqsTjXdUbe2Q-/view,"Anonymity-redacted copy: full names shortened to first name + last initial, personal e-mails and phone numbers removed. Original (held for review): docs/archive/flyers/2020/flyer-mysterious-concepts-final-pdf-en.pdf"
archive-forms-2020-expense-2020-en-xlsx,Archive,Forms,Expense Report Form 2020 (version 2),Formulario de reembolso de gastos 2020 (versión 2),2020,2020,English,Excel,13,,,,area09.org (legacy site),yes,,docs/archive/forms/2020/expense-2020-en.xlsx,https://drive.google.com/file/d/1GU_wYpb2wAA_8rrMn_FgvAQH3BLxdVFF/view,
archive-forms-2020-expense-2020-en-pdf,Archive,Forms,Expense Report Form 2020,Formulario de reembolso de gastos 2020,2020,2020,English,PDF,71,,,,area09.org (legacy site),yes,,docs/archive/forms/2020/expense-2020-en.pdf,https://drive.google.com/file/d/14qiw3eaXX2ZIxT-3A4i2CeprfyvD2l94/view,
archive-districts-d5-2020-newsletter-2020-4th-qtr-issue-19-en-redacted,Archive,District,District 5 Newsletter – 2020 (4th quarter),Boletín del Distrito 5 – 2020 (4th trimestre),2020,2020,English,PDF,2628,,d05,,area09.org (legacy site),yes,,docs/archive/districts/d5/2020/newsletter-2020-4th-qtr-issue-19-en-redacted.pdf,https://drive.google.com/file/d/1M1w4qK9Q8vK8-wHAWoWpcw6t69-H8pcL/view,"Anonymity-redacted copy: full names shortened to first name + last initial, personal e-mails and phone numbers removed. Original (held for review): docs/archive/districts/d5/2020/newsletter-2020-4th-qtr-issue-19-en.pdf Re-redacted 2026-10-06 after the pre-launch scan (sobriety dates / birthday-list years removed; checked again with both scanners and OCR)."
archive-districts-d5-2020-newsletter-2020-3rd-qtr-issue-18-en-redacted,Archive,District,District 5 Newsletter – 2020 (3rd quarter),Boletín del Distrito 5 – 2020 (3rd trimestre),2020,2020,English,PDF,2489,,d05,,area09.org (legacy site),yes,,docs/archive/districts/d5/2020/newsletter-2020-3rd-qtr-issue-18-en-redacted.pdf,https://drive.google.com/file/d/1cH2_TajtQMfsYGzLsbXX_pK9hsSrFL2M/view,"Anonymity-redacted copy: full names shortened to first name + last initial, personal e-mails and phone numbers removed. Original (held for review): docs/archive/districts/d5/2020/newsletter-2020-3rd-qtr-issue-18-en.pdf Re-redacted 2026-10-06 after the pre-launch scan (sobriety dates / birthday-list years removed; checked again with both scanners and OCR)."
archive-districts-d5-2020-newsletter-2020-2nd-qtr-issue-17-en-redacted,Archive,District,District 5 Newsletter – 2020 (2nd quarter),Boletín del Distrito 5 – 2020 (2nd trimestre),2020,2020,English,PDF,2878,,d05,,area09.org (legacy site),yes,,docs/archive/districts/d5/2020/newsletter-2020-2nd-qtr-issue-17-en-redacted.pdf,https://drive.google.com/file/d/1XHaI6zacqULtTJ8r0XYYmA0wbnVYjhoE/view,"Anonymity-redacted copy: full names shortened to first name + last initial, personal e-mails and phone numbers removed. Original (held for review): docs/archive/districts/d5/2020/newsletter-2020-2nd-qtr-issue-17-en.pdf Re-redacted 2026-10-06 after the pre-launch scan (sobriety dates / birthday-list years removed; checked again with both scanners and OCR)."
archive-districts-d5-2020-newsletter-2020-1st-qtr-issue-16-en-redacted,Archive,District,"District 5 Newsletter – 2020 (1st quarter, issue 16)","Boletín del Distrito 5 – 2020 (1st trimestre, número 16)",2020,2020,English,PDF,3363,,d05,,area09.org (legacy site),yes,,docs/archive/districts/d5/2020/newsletter-2020-1st-qtr-issue-16-en-redacted.pdf,https://drive.google.com/file/d/1Jjyf70UKwbvAlzW4dhUzmtW-e2vPO-b0/view,"Anonymity-redacted copy: full names shortened to first name + last initial, personal e-mails and phone numbers removed. Original (held for review): docs/archive/districts/d5/2020/newsletter-2020-1st-qtr-issue-16-en.pdf Re-redacted 2026-10-06: names shortened to first name + initial; personal contact details, addresses and sobriety dates removed (scripts/scan-documents.py). Re-redacted 2026-10-06 after the pre-launch scan (sobriety dates / birthday-list years removed; checked again with both scanners and OCR)."
archive-districts-d1-2020-district-1-tool-kit-2020rev1-en,Archive,District,District 1 Tool Kit 2020 Rev 1,Distrito 1 Herramientas 2020 Rev 1,2020,2020,English,PDF,610,,d01-03,,area09.org (legacy site),yes,,docs/archive/districts/d1/2020/district-1-tool-kit-2020rev1-en.pdf,https://drive.google.com/file/d/13hLp8TrofcMshmA5OU_-yDRIh-jxN83i/view,
archive-forms-2020-dcm-dcmc-change-form-gso-f-43-en,Archive,Forms,DCM / DCMC change form (GSO F-43),Formulario de cambio de MCD / CMCD (OSG F-43),,2020,English,PDF,297,,,,msca09aa.org (media library),yes,,docs/archive/forms/2020/dcm-dcmc-change-form-gso-f-43-en.pdf,https://drive.google.com/file/d/1ZD7AxzYzEx6q2Rn3KBfRMiU1mdwmX-eK/view,
archive-calendars-2020-msca-2020-calendar-en,Archive,Calendar,Area calendar 2020,Calendario del Área 2020,2020,2020,English,PDF,157,,,,area09.org (legacy site),yes,,docs/archive/calendars/2020/msca-2020-calendar-en.pdf,https://drive.google.com/file/d/1aWuQRwnr6_RH9Idpr7IReANc5Avu6l06/view,
archive-finances-2021-msca-budget-final-2020-en,Archive,Finances,Area budget 2020,Presupuesto del Área 2020,2020,2020,English,PDF,59,,,finance,msca09aa.org,yes,,docs/archive/finances/2021/msca-budget-final-2020-en.pdf,https://drive.google.com/file/d/1Kymfft5nOK7tXN5fQfvr8553GIZ3XVHa/view,
archive-workbooks-2020-area-workbook-2020-es,Archive,Workbooks,2020 Area Workbook,Libro de trabajo del Área 2020,2020,2020,Spanish,PDF,661,,,literature,msca09aa.org (media library),yes,,docs/archive/workbooks/2020/area-workbook-2020-es.pdf,https://drive.google.com/file/d/1OUElrMX3sghLmgKORmc4O9QD6Gq869v4/view,"Re-redacted 2026-10-06: names shortened to first name + initial; personal contact details, addresses and sobriety dates removed (scripts/scan-documents.py)."
