start,end,pin,color,icon,title_en,title_es,body_en,body_es,url,link_label_en,link_label_es,notes
"# One row per announcement on the home page. start / end (YYYY-MM-DD) = the first and the last day it shows, Pacific time; after 'end' it disappears by itself. pin = yes puts it first and highlights it. Keep 3 to 6 live at a time.",,,,,,,,,,,,
"# color = ocean, iris, coral, sun, sage, copper, blush, lilac or sea. icon = a name from lucide.dev/icons. body = a sentence or two (**bold** and [links](https://…) work). url = where the button goes: a page of this site such as /calendar/, or a full https:// address. link_label = the words on the button.",,,,,,,,,,,,
"# _en = English, _es = Spanish (use tú, as the rest of the site does). notes = for editors only (where the information came from); never shown on the site.",,,,,,,,,,,,
2026-10-01,2026-12-06,yes,iris,users-round,"2026 Pacific Regional Forum · Dec 4–6, San Diego","Foro Regional del Pacífico 2026 · 4 al 6 de diciembre, San Diego","Meet trustees, A.A.W.S. and Grapevine directors and G.S.O. staff at the Wyndham San Diego. Registration is **free** and now open.","Conoce a custodios, directores de A.A.W.S. y de Grapevine y personal de la OSG en el Wyndham San Diego. La inscripción es **gratuita** y ya está abierta.",https://www.aa.org/event/2026-pacific-regional-forum,Register on aa.org,Inscríbete en aa.org,Source: aa.org/regional-local-and-special-forums and the event page (registration opened 2026-10-02). Also in the Area calendar.
2026-10-01,2026-11-14,,sun,sparkles,"Panel 76 Servathon · Saturday, Nov 14",Servathon del Panel 76 · sábado 14 de noviembre,"A day focused on the Twelve Traditions and every part of A.A. service, hosted by District 25 in San Bernardino.","Un día dedicado a las Doce Tradiciones y a todos los aspectos del servicio de A.A., organizado por el Distrito 25 en San Bernardino.",/service/area-meetings/,Area meetings,Reuniones del Área,"Source: 2026 approved Area calendar (Nov 14, host D25) and the live Google Calendar entry ""MSCA Area 09 Panel 76 Servathon"" (10:00 AM, Knights of Columbus, San Bernardino). Purpose wording from Area Guidelines Rev. P, Art. V."
2026-10-01,2027-09-26,yes,copper,archive,Area 09 hosts the 2027 National A.A. Archives Workshop,El Área 09 será anfitriona del Taller Nacional de Archivos Históricos de A.A. 2027,"September 23–26, 2027, at the DoubleTree by Hilton in San Bernardino. Registration opens January 19, 2027.",Del 23 al 26 de septiembre de 2027 en el DoubleTree by Hilton de San Bernardino. La inscripción abre el 19 de enero de 2027.,https://msca09aa-archives.org/naaaw2027,Workshop details,Detalles del taller,Source: Area 09 Archives Committee (msca09aa-archives.org/naaaw2027). Not yet in the Area calendar.
2026-10-01,2027-03-07,,ocean,mountain-snow,"PRAASA 2027 · March 5–7, Seattle","PRAASA 2027 · 5 al 7 de marzo, Seattle",The Pacific Region A.A. Service Assembly meets before the General Service Conference to share on the topics it will consider. Hosted by Western Washington Area 72 at the Westin Seattle.,La Asamblea de Servicio de A.A. de la Región del Pacífico se reúne antes de la Conferencia de Servicios Generales para compartir sobre los temas que tratará. Organizada por el Área 72 del Oeste de Washington en el Westin Seattle.,https://2027.praasa.org/register/,PRAASA registration,Inscripción a PRAASA,Source: praasa.org and 2027.praasa.org/register (checked 2026-10-05).
2026-10-01,2027-03-31,,coral,hand-coins,"Contributions: Zelle, check or in person","Contribuciones: Zelle, cheque o en persona","The Area no longer accepts contributions through PayPal or card. Use Zelle, mail a check or money order, or hand it to the Treasurer at an Area meeting.","El Área ya no recibe contribuciones por PayPal ni con tarjeta. Usa Zelle, envía un cheque o giro postal por correo, o entrégalo al Tesorero en una reunión del Área.",/contribute/,How to contribute,Cómo contribuir,Source: Treasurer A/P report June 2026 (PayPal closed after fraudulent contributions) and the Area 7th Tradition flyer 2026-06-18.
2026-10-07,2026-10-11,yes,ocean,clipboard-list,"Area Service Committee · Sunday, Oct 11 · Long Beach",Comité de Servicio de Área · domingo 11 de octubre · Long Beach,"Hosted by District 5 at Long Beach City College (Liberal Arts Campus), in person and on Zoom. The **agenda**, the **August draft minutes**, the **Treasurers' reports** and **Draft #1 of the 2027 budget** are posted.","Organizada por el Distrito 5 en Long Beach City College (campus Liberal Arts), en persona y por Zoom. Ya están publicados la **agenda**, el **borrador de las actas de agosto**, los **informes de los tesoreros** y el **borrador n.º 1 del presupuesto 2027**.",/service/area-meetings/,Agenda & minutes,Agenda y actas,"Source: Oct 11, 2026 ASC agenda (Chair) and the Treasurer/Secretary documents received 2026-10-07; Google Calendar entry (Host: D5)."
2026-10-12,2027-01-10,,sage,calculator,Proposed 2027 Area budget · Draft #1,Presupuesto propuesto del Área para 2027 · borrador n.º 1,The Finance Committee presented Draft #1 at the October 11 ASC. Please review it with your group or district before it comes to the Assembly for a vote.,El Comité de Finanzas presentó el borrador n.º 1 en el CSA del 11 de octubre. Revísalo con tu grupo o distrito antes de que llegue a la Asamblea para votación.,/documents/finances/,Finance documents,Documentos de finanzas,"Source: 2027 Proposed Unapproved Draft Budget (rev. 2026-10-05), Draft #1, Oct 11, 2026 ASC. End date: change it when the Assembly vote is scheduled."
