sort,key,show,region,name,name_es,kind,language,serves_en,serves_es,districts,website,website_es,phone,phone_label_en,phone_label_es,phone_2,phone_2_label_en,phone_2_label_es,tty,address,hours_en,hours_es,always_open,confirm,verified,sources,notes
# Central offices and intergroups that serve Area 09. Only PUBLIC office or hotline numbers — never a member's personal phone. region: oc / coast / inland / desert / highdesert / online. districts: Area 09 district numbers separated by ; (write 1 & 3 for the joint district). show = no hides a row. always_open = yes when the main number is answered 24 hours. confirm = yes when a number still needs confirming.,,,,,,,,,,,,,,,,,,,,,,,,,,,
"# name / name_es, serves_en / serves_es, hours_en / hours_es = the text shown in each language. phone_label_* and phone_2_label_* say what each number is (for example 24 hours, Office). tty = a TTY line for Deaf callers. address = the office street address (opens Google Maps). verified = the date someone last checked the row; sources and notes are for editors and are not shown.",,,,,,,,,,,,,,,,,,,,,,,,,,,
10,oc-central,yes,oc,Orange County Central Office (Orange County Intergroup Association),Oficina Central del Condado de Orange,Central office,English,Central and coastal Orange County,Centro y costa del condado de Orange,5; 6; 7; 10; 18,https://www.oc-aa.org/,,(714) 556-4555,24 hours,24 horas,,,,,"1526 Brookhollow Dr., Ste 75, Santa Ana, CA 92705",Mon–Fri 9 am–5 pm · Sat & holidays 9 am–1 pm · Sun closed,lun–vie 9 a. m.–5 p. m. · sáb y festivos 9 a. m.–1 p. m. · dom cerrado,yes,,2026-10-05,https://www.oc-aa.org/ ; https://www.oc-aa.org/central-offices/,The same intergroup runs the South Orange County office.
20,south-oc,yes,oc,South Orange County Central Office,Oficina Central del Sur del Condado de Orange,Central office,English,South Orange County,Sur del condado de Orange,12; 18,https://www.oc-aa.org/,,(949) 582-2697,24 hours,24 horas,,,,,"30011 Ivy Glenn Dr., Ste 104, Laguna Niguel, CA 92677",Mon–Fri 10 am–5 pm · weekends closed,lun–vie 10 a. m.–5 p. m. · fines de semana cerrado,yes,,2026-10-05,https://www.oc-aa.org/ ; https://www.oc-aa.org/central-offices/,Satellite office of the Orange County Intergroup Association; no website of its own.
30,nocco,yes,oc,North Orange County Central Office (NOCCO),Oficina Central del Norte del Condado de Orange,Central office,English,North Orange County,Norte del condado de Orange,10; 15,https://www.aanoc.org/,,(714) 773-4357,24 hours,24 horas,,,,,"1661 E. Chapman Ave., #1H, Fullerton, CA 92831",Mon–Fri 9 am–7 pm · Sat–Sun 9 am–1 pm,lun–vie 9 a. m.–7 p. m. · sáb–dom 9 a. m.–1 p. m.,yes,,2026-10-05,https://aanoc.org/contact/ ; https://www.oc-aa.org/central-offices/ ; https://www.aa.org/find-aa,Hours as listed by OC Intergroup.
40,hispana-sur-orange,yes,oc,Oficina Intergrupal Hispana del Sur de Orange de AA,Oficina Intergrupal Hispana del Sur de Orange de AA,Hispanic intergroup,Spanish,Spanish-speaking groups of Orange County,Grupos de habla hispana del condado de Orange,20; 24,http://oc-intsuraa.org/,,(714) 541-7225,Office (number on its website),Oficina (número de su sitio web),(714) 543-1162,Number listed by aa.org,Número que publica aa.org,,"1665 E 4th St, Unit #117 (ground floor), Santa Ana, CA",,,,yes,2026-10-05,http://oc-intsuraa.org/ ; https://www.aa.org/find-aa,"Website and aa.org give different numbers — confirm which is current. The website prints ZIP 90701, which is not a Santa Ana ZIP, so the ZIP is left out."
50,asbco,yes,coast,All South Bay Central Office (ASBCO),Oficina Central de South Bay (ASBCO),Central office,English,"South Bay: Torrance, the beach cities, Palos Verdes, Gardena, Carson, San Pedro","South Bay: Torrance, las ciudades de playa, Palos Verdes, Gardena, Carson, San Pedro",1 & 3,https://asbco.org/,,(310) 618-1180,24/7,24/7,,,,,"3625 Del Amo Blvd., Suite 345, Torrance, CA 90503",Mon–Fri 7 am–7 pm · Sat–Sun 9 am–7 pm,lun–vie 7 a. m.–7 p. m. · sáb–dom 9 a. m.–7 p. m.,yes,,2026-10-05,https://asbco.org/ ; https://www.aa.org/find-aa,"southbayaa.org redirects here. (The old site called it “Alano South Bay Central Office” — wrong.)"
60,haco,yes,coast,Harbor Area Central Office (HACO),Oficina Central del Área del Puerto (HACO),Central office,English,Long Beach and the Harbor area,Long Beach y la zona del puerto,4; 2; 1 & 3,https://hacoaa.org/,,(562) 989-7697,Office,Oficina,(310) 516-8626,Spanish/French helpline (aa.org listing),Línea de ayuda en español y francés (según aa.org),,"3450 E. Spring St., #109, Long Beach, CA 90806",Mon–Fri 9 am–5 pm · weekends closed,lun–vie 9 a. m.–5 p. m. · fines de semana cerrado,,,2026-10-05,https://hacoaa.org/ ; https://www.aa.org/find-aa,The Spanish helpline is the same number as the Oficina Intergrupal del Sur de la Bahía.
70,sur-bahia,yes,coast,Oficina Intergrupal del Sur de la Bahía de AA,Oficina Intergrupal del Sur de la Bahía de AA,Hispanic intergroup,Spanish,"Spanish-speaking groups of the South Bay, Long Beach, the Harbor area, southeast L.A. County and Avalon","Grupos de habla hispana del South Bay, Long Beach, la zona del puerto, el sureste del condado de Los Ángeles y Avalon",21,https://aasurdelabahia.org/,,(310) 516-8626,Office / helpline,Oficina / línea de ayuda,,,,,"1308 Artesia Blvd., Long Beach, CA 90805",,,,,2026-10-05,https://aasurdelabahia.org/ ; https://www.aa.org/find-aa,The cities it serves are exactly the cities of Spanish District 21.
80,inland-empire,yes,inland,Inland Empire Central Office,Oficina Central del Inland Empire,Central office,English,Riverside and San Bernardino valleys,Valles de Riverside y San Bernardino,8; 14,https://aainlandempire.org/,,(909) 825-4700,Office,Oficina,,,,,"897 Via Lata, Suite A, Colton, CA 92324",Mon–Fri 8 am–4 pm · Sat 9 am–1 pm,lun–vie 8 a. m.–4 p. m. · sáb 9 a. m.–1 p. m.,,,2026-10-05,https://aainlandempire.org/ ; https://www.aa.org/find-aa,"Mail: P.O. Box 189, Colton, CA 92324."
90,temecula,yes,inland,Temecula Valley Central Office (TVCO),Oficina Central del Valle de Temecula (TVCO),Central office,English,"Temecula, Murrieta, Lake Elsinore, Menifee, Perris, Hemet, San Jacinto, Sun City, Wildomar, Winchester, Anza","Temecula, Murrieta, Lake Elsinore, Menifee, Perris, Hemet, San Jacinto, Sun City, Wildomar, Winchester, Anza",17; 14,https://www.temeculacentraloffice.org/,,(951) 695-1535,24-hour helpline (aa.org listing),Línea de ayuda 24 horas (según aa.org),(951) 530-4136,Office,Oficina,,"41340 Pear Street, Suite 1, Murrieta, CA 92562",Mon–Fri 10 am–5 pm · Sat 9 am–12 pm,lun–vie 10 a. m.–5 p. m. · sáb 9 a. m.–12 p. m.,yes,,2026-10-05,https://www.temeculacentraloffice.org/contact/ ; https://www.temeculacentraloffice.org/24h-hotline/ ; https://www.aa.org/find-aa,The helpline number comes from aa.org (the TVCO hotline page does not print it as text). Volunteers answer the hotline after hours.
100,sureste-riverside,yes,inland,Oficina Intergrupal Sureste de Riverside,Oficina Intergrupal Sureste de Riverside,Hispanic intergroup,Spanish,Spanish-speaking groups of southeast Riverside County,Grupos de habla hispana del sureste del condado de Riverside,23,https://oiaasriverside.org/,,(951) 459-6879,Helpline,Teléfono de ayuda,,,,,"351 Wilkerson Ave., Suite G, Perris, CA 92570",,,,,2026-10-05,https://oiaasriverside.org/ ; linked as Spanish Central Office from https://aainlandempire.org/,The site also lists a committee member's personal mobile — left out on purpose.
110,riverside-es,no,inland,Oficina Central de Riverside,Oficina Central de Riverside,Hispanic central office,Spanish,Riverside (Spanish-speaking),Riverside (habla hispana),23,,,(951) 687-7090,Office (aa.org listing),Oficina (según aa.org),,,,,,,,,yes,2026-10-05,https://www.aa.org/find-aa,Listed only on aa.org with no website. HIDDEN until District 23 confirms it — then set show to yes.
120,desert,yes,desert,Central Intergroup Office of the Desert (A.A. in the Desert),Oficina Intergrupal Central del Desierto (A.A. in the Desert),Central office,English,Coachella Valley and the Morongo Basin,Valle de Coachella y la cuenca de Morongo,9; 30,https://aainthedesert.org/,,(760) 324-4880,Answered 24/7 by A.A. members,Atendido 24/7 por miembros de A.A.,,,,(760) 324-4851,"35-325 Date Palm Dr., Suite 107, Cathedral City, CA 92234",Mon–Thu 9 am–8 pm · Fri 9 am–5 pm · Sat–Sun 10 am–2 pm,lun–jue 9 a. m.–8 p. m. · vie 9 a. m.–5 p. m. · sáb–dom 10 a. m.–2 p. m.,yes,,2026-10-05,https://aainthedesert.org/ ; https://www.aa.org/find-aa,"TTY number from the aa.org listing. The site also shows a payments number (Venmo/Zelle), which is not a helpline — left out."
130,coachella-hispana,yes,desert,Oficina Intergrupal Hispana del Valle de Coachella,Oficina Intergrupal Hispana del Valle de Coachella,Hispanic intergroup,Spanish,"Spanish-speaking groups of the Coachella Valley and Yucca Valley","Grupos de habla hispana del Valle de Coachella y Yucca Valley",22,https://aaintcoachella.net/,,(442) 666-9349,Office / hotline (number on its website),Oficina / línea de ayuda (número de su sitio web),(760) 296-4969,Number listed by aa.org,Número que publica aa.org,,"34116 Date Palm Dr., Suite 8, Cathedral City, CA 92234",,,,yes,2026-10-05,https://aaintcoachella.net/ ; https://aainthedesert.org/espanol/ ; https://www.aa.org/find-aa,Website and aa.org give different numbers — confirm which is current.
140,victor-valley,yes,highdesert,Victor Valley Central Office,Oficina Central de Victor Valley,Central office,English,"High Desert: Victorville, Apple Valley, Hesperia, Barstow — and the nearest office to Big Bear","Alto Desierto: Victorville, Apple Valley, Hesperia, Barstow — y la oficina más cercana a Big Bear",19,https://victorvalleyaa.org/,,(760) 242-9292,24 hours,24 horas,,,,,"18888 Outer Hwy. 18, Suite 107, Apple Valley, CA 92307",Mon–Fri 9 am–4 pm,lun–vie 9 a. m.–4 p. m.,yes,,2026-10-05,https://victorvalleyaa.org/ ; https://www.aa.org/find-aa,The site also gives a fax number — not published.
150,oiaa,yes,online,Online Intergroup of A.A. (OIAA),Intergrupo en Línea de A.A. (OIAA),Online intergroup,Multilingual,"Online meetings around the world, around the clock, in many languages","Reuniones en línea en todo el mundo, a toda hora y en muchos idiomas",,https://aa-intergroup.org/,https://aa-intergroup.org/es/,,,,,,,,,,,,,2026-10-05,https://aa-intergroup.org/,
