slug,number,nums,status,merged_into,kind,language,color,name_en,name_es,region_en,region_es,counties,cities,cities_es,subdistricts,subdistricts_es,covers_districts,neighbors,established,origin_en,origin_es,about_en,about_es,email,email_alt,website,website_note_en,website_note_es,meetings_link,meetings_label_en,meetings_label_es,po_box,contribute_url,lat,lng,map_approx,meeting_pattern_en,meeting_pattern_es,meeting_day,meeting_week,meeting_skip_months,meeting_start,meeting_end,meeting_format,meeting_override,venue,address,room,city,zip,zoom_url,zoom_id,zoom_passcode,meeting_note_en,meeting_note_es,gsr_note_en,gsr_note_es,interdistrict_table_en,interdistrict_table_es,calendar_uid,notes
"# One row per district. Lists use ; between items. status = active, merged or inactive (merged/inactive rows only redirect to merged_into). kind = geographic, linguistic or interdistrict. color = ocean, iris, coral, sun, sage, copper, blush, lilac, sea or a Tailwind colour name. nums = every number the district answers to (old numbers too). Columns ending in _es hold the Spanish wording (empty = the English is shown). Role-based e-mail addresses only. Rows starting with # are ignored.",,,,,,,,,,,,,,,,,,,,,,,,,,,,,,,,,,,,,,,,,,,,,,,,,,,,,,,,,,,,,
"# Business meeting: the Area Google Calendar is the source. The meeting_* columns (and venue, address, room, city, zip, zoom_*) are used when the calendar has no entry for the district, and to fill in a venue name or ZIP the calendar leaves out. meeting_override = yes makes these columns win over the calendar (format, place and times) - use it only while the calendar entry is known to be wrong, say why in notes, and clear it once the calendar is fixed (the build log reminds you).",,,,,,,,,,,,,,,,,,,,,,,,,,,,,,,,,,,,,,,,,,,,,,,,,,,,,,,,,,,,,
d01-03,1 & 3,1; 3,active,,geographic,English,ocean,District 1 & 3,Distrito 1 y 3,"South Bay and Harbor area of Los Angeles County: the beach cities, Palos Verdes Peninsula, Torrance, Gardena, Carson, San Pedro and Wilmington.","South Bay y zona del puerto del condado de Los Ángeles: ciudades de playa, península de Palos Verdes, Torrance, Gardena, Carson, San Pedro y Wilmington.",Los Angeles,Carson; Gardena; Harbor City; Harbor Gateway; Hawthorne (south of Rosecrans Ave); Hermosa Beach; Lawndale; Lomita; Manhattan Beach; Palos Verdes Estates; Rancho Dominguez; Rancho Palos Verdes; Redondo Beach; Rolling Hills; Rolling Hills Estates; San Pedro; Torrance; Wilmington,Carson; Gardena; Harbor City; Harbor Gateway; Hawthorne (al sur de Rosecrans Ave); Hermosa Beach; Lawndale; Lomita; Manhattan Beach; Palos Verdes Estates; Rancho Dominguez; Rancho Palos Verdes; Redondo Beach; Rolling Hills; Rolling Hills Estates; San Pedro; Torrance; Wilmington,,,,d02; d04,1959,One of the ten districts the Area started with in 1959. District 3 has met with District 1 since July 2020.,Uno de los diez distritos con los que nació el Área en 1959. El Distrito 3 se reúne con el Distrito 1 desde julio de 2020.,"District 1 & 3 is the English-speaking general service district for the South Bay and Harbor communities of Los Angeles County, from Manhattan, Hermosa and Redondo Beach and the Palos Verdes Peninsula to Torrance, Gardena, Carson, San Pedro and Wilmington. The former District 3 has been represented together with District 1 since July 2020. The district keeps its own website with officers, committees, guidelines approved in September 2023 and minutes, and refers anyone looking for a meeting to the All South Bay Central Office. Spanish-speaking groups in this area are served by District 21.","El Distrito 1 y 3 es el distrito de servicios generales de habla inglesa para las comunidades del South Bay y del puerto en el condado de Los Ángeles, desde Manhattan, Hermosa y Redondo Beach y la península de Palos Verdes hasta Torrance, Gardena, Carson, San Pedro y Wilmington. El antiguo Distrito 3 se representa junto con el Distrito 1 desde julio de 2020. El distrito mantiene su propio sitio web con oficiales, comités, guías aprobadas en septiembre de 2023 y actas, y remite a quien busca una reunión a la All South Bay Central Office. Los grupos de habla hispana de esta zona reciben servicio del Distrito 21.",d01dcmc@msca09aa.org,,https://mscadistrict1.org/,"""General Service, District 1 & 3"" site with district history (from 1958), officers and their duties, committees, guidelines, GSR toolkit, minutes, an events calendar and contribution page.","Sitio ""General Service, District 1 & 3"" con historia del distrito (desde 1958), oficiales y sus funciones, comités, guías, herramientas para RSG, actas, calendario de eventos y página de contribuciones.",https://asbco.org/,All South Bay Central Office,All South Bay Central Office,"P.O. Box 10113, Torrance, CA 90505",https://mscadistrict1.org/make-a-contribution,33.8637496,-118.3935256,,2nd Thursday of the month,Segundo jueves del mes,Thursday,2,,19:30,21:00,Hybrid,,South Bay Alano Club,702 11th Place,,Hermosa Beach,90254,https://zoom.us/j/88429751341,884 2975 1341,Panel76,"Meets in person at the South Bay Alano Club effective August 2026, and on Zoom. A District 1 & 3 Executive Committee meets monthly (date announced on the district website).","Se reúne en persona en el South Bay Alano Club desde agosto de 2026, y por Zoom. El Comité Ejecutivo del Distrito 1 y 3 se reúne mensualmente (fecha anunciada en el sitio web del distrito).",Newcomer (new GSR) orientation is held one half hour before the monthly district meeting.,La orientación para RSG nuevos se ofrece media hora antes de la reunión mensual del distrito.,,,msca09-d01-03@msca09.local,"business_meeting.venue/time: Calendar + district website (move effective Aug 2026). The 2026 flyer is out of date. | correspondence: Use P.O. Box 10113, Torrance — District 3 has been represented with District 1 since July 2020."
d02,2,2,active,,geographic,English,amber,District 2,Distrito 2,"Southeast Los Angeles County (Gateway Cities) north of Carson Street: Paramount, Compton, Bellflower, Norwalk, Cerritos, Artesia, north Long Beach and Lakewood.","Sureste del condado de Los Ángeles (Gateway Cities) al norte de Carson Street: Paramount, Compton, Bellflower, Norwalk, Cerritos, Artesia, norte de Long Beach y Lakewood.",Los Angeles,Artesia; Bellflower; Cerritos; Compton; Hawaiian Gardens; Lakewood (north of Carson St); Long Beach (north of Carson St); Norwalk; Paramount,Artesia; Bellflower; Cerritos; Compton; Hawaiian Gardens; Lakewood (al norte de Carson St); Long Beach (al norte de Carson St); Norwalk; Paramount,,,,d01-03; d04; d10,1959,One of the ten districts the Area started with in 1959 (former District 13 later merged into it).,Uno de los diez distritos con los que nació el Área en 1959 (el antiguo Distrito 13 se unió después a él).,"District 2 serves the English-speaking A.A. groups of southeast Los Angeles County north of Carson Street: Paramount, Compton, Bellflower, Norwalk, Cerritos, Artesia, Hawaiian Gardens and the northern parts of Long Beach and Lakewood. The district has a liaison to the Harbor Area Service Committee, and its Spanish-speaking groups are served by District 21.","El Distrito 2 atiende a los grupos de A.A. de habla inglesa del sureste del condado de Los Ángeles al norte de Carson Street: Paramount, Compton, Bellflower, Norwalk, Cerritos, Artesia, Hawaiian Gardens y el norte de Long Beach y Lakewood. El distrito tiene un enlace con el Harbor Area Service Committee (comité de servicio de la zona del puerto), y sus grupos de habla hispana reciben servicio del Distrito 21.",d02dcmc@msca09aa.org,,,,,https://hacoaa.org/,Harbor Area Central Office,Oficina Central del Área del Puerto (Harbor Area),"P.O. Box 8343, Long Beach, CA 90808",,33.9037104,-118.1596512,,4th Wednesday of the month,Cuarto miércoles del mes,Wednesday,4,,19:00,20:00,Hybrid,,Imperial Alano Club,8021 Rosecrans Ave,,Paramount,90723,https://zoom.us/j/81783268989,817 8326 8989,d2a9gsr,,,GSR orientation at 6:30 PM (in person only).,Orientación para RSG a las 6:30 p. m. (solo en persona).,,,msca09-d02@msca09.local,trusted_servants.DCMC: Area roster initial used.
d04,4,4,active,,geographic,English,blush,District 4,Distrito 4,"Long Beach (south and central), Belmont Shore and Naples, Catalina Island (Avalon), and Los Alamitos / Rossmoor across the Orange County line.","Long Beach (sur y centro), Belmont Shore y Naples, isla Catalina (Avalon), y Los Alamitos / Rossmoor del lado del condado de Orange.",Los Angeles; Orange,Avalon (Catalina Island); Belmont Shore; Long Beach; Los Alamitos; Naples; Rossmoor,Avalon (isla Catalina); Belmont Shore; Long Beach; Los Alamitos; Naples; Rossmoor,,,,d01-03; d02; d06; d07; d10,1959,One of the ten districts the Area started with in 1959.,Uno de los diez distritos con los que nació el Área en 1959.,"District 4 serves Long Beach (south of Carson Street), Belmont Shore and Naples, Avalon on Catalina Island, and Los Alamitos and Rossmoor just across the Orange County line. The district's website, longbeachaa.org, posts the agenda, slides, minutes and financial activity for every meeting and lists its Panel 76 committees, including an LGBTQ+ committee and a GSR School. People looking for a meeting are pointed to the Harbor Area Central Office and neighbouring intergroups. Spanish-speaking groups are served by District 21.","El Distrito 4 atiende Long Beach (al sur de Carson Street), Belmont Shore y Naples, Avalon en la isla Catalina, y Los Alamitos y Rossmoor del lado del condado de Orange. El sitio web del distrito, longbeachaa.org, publica la agenda, diapositivas, actas y la actividad financiera de cada reunión y presenta sus comités del Panel 76, incluido un comité LGBTQ+ y una Escuela de RSG. Para encontrar una reunión, remite a la Oficina Central del Área del Puerto (Harbor Area) y a los intergrupos vecinos. Los grupos de habla hispana reciben servicio del Distrito 21.",d04dcmc@msca09aa.org,dcmc@longbeachaa.org,https://longbeachaa.org/,"""D4/A9 Long Beach"" site: next business meeting with Zoom link and materials (agenda, slides, minutes, financials), Panel 76 standing and co-coordinating committees with role e-mails, GSR resources, archives and an events calendar.","Sitio ""D4/A9 Long Beach"": próxima reunión de negocios con enlace de Zoom y materiales (agenda, diapositivas, actas, finanzas), comités permanentes y coordinadores del Panel 76 con correos por cargo, recursos para RSG, archivos y calendario de eventos.",https://hacoaa.org/,Harbor Area Central Office,Oficina Central del Área del Puerto (Harbor Area),"P.O. Box 9972, Long Beach, CA 90810",https://longbeachaa.org/,33.8287698,-118.1360891,,1st Wednesday of the month,Primer miércoles del mes,Wednesday,1,,19:00,20:30,Hybrid,yes,"Long Beach City College, Liberal Arts Campus",4901 E Carson St,"Building T, Room T-1309 (ground floor)",Long Beach,90808,https://us06web.zoom.us/j/99653960080,996 5396 0080,673617,"Parking: from Clarke Ave turn west onto E. Lew Davis St, take the first right into Lot 3, continue through Lot 3 and turn right into the parking structure. Agenda, slides, prior minutes and financial activity are posted on the district website before each meeting.","Estacionamiento: desde Clarke Ave gira al oeste en E. Lew Davis St, toma la primera a la derecha hacia el Lote 3, atraviésalo y gira a la derecha hacia la estructura de estacionamiento. La agenda, diapositivas, actas anteriores y la actividad financiera se publican en el sitio web del distrito antes de cada reunión.",GSR School: a Zoom workshop on the A.A. Service Manual; dates are on the district website.,Escuela de RSG: un taller por Zoom sobre el Manual de Servicio de A.A.; las fechas están en el sitio web del distrito.,,,msca09-d04@msca09.local,"meeting_override=yes (2026-10-06): the page shows the district website (Hybrid at LBCC, 7:00-8:30 PM) until Google Calendar series msca09-d04 is corrected; then clear meeting_override. | Calendar entry says Virtual 7-8 PM; the district website says hybrid at LBCC 7-8:30 PM. Calendar needs updating. | business_meeting.format/venue/end: District website (dated Oct 2026 meeting) used. Calendar entry msca09-d04 needs updating: format Hybrid, location LBCC, end 8:30 PM."
d05,5,5,active,,geographic,English,coral,District 5,Distrito 5,"Central Orange County: Santa Ana, Orange, Tustin and Villa Park, east through the canyon communities to the Riverside County line (including part of the Cleveland National Forest).","Centro del condado de Orange: Santa Ana, Orange, Tustin y Villa Park, hacia el este por las comunidades de los cañones hasta el límite con el condado de Riverside (incluye parte del Bosque Nacional Cleveland).",Orange,Cowan Heights; Lemon Heights; North Tustin; Orange; Orange Park Acres; Santa Ana; Tustin; Villa Park,,Women's Days; Women's Evenings; Men's Groups; East Orange (incl. Villa Park and the east portion of the district); West Orange; Orange Friendship Club AM; Orange Friendship Club PM; Santa Ana (Northeast & Southwest); Santa Ana Alano Club; North Tustin; South Tustin,Mujeres (de día); Mujeres (de noche); Grupos de hombres; East Orange (incl. Villa Park y la parte este del distrito); West Orange; Orange Friendship Club (mañana); Orange Friendship Club (tarde); Santa Ana (noreste y suroeste); Santa Ana Alano Club; North Tustin; South Tustin,,d06; d07; d08; d10; d12; d15; d18,1959,One of the ten districts the Area started with in 1959.,Uno de los diez distritos con los que nació el Área en 1959.,"District 5 covers central Orange County: Santa Ana, Orange, Tustin and North Tustin, Villa Park and the foothill communities of Cowan Heights, Lemon Heights and Orange Park Acres, extending east to the Riverside County line. The district is organised in subdistricts, publishes a quarterly newsletter, and keeps its guidelines (Rev. J, 2023), minutes, treasurer reports and a detailed history on its website. Spanish-speaking meetings are served by District 20 (Santa Ana and parts of Tustin) and District 24 (Orange and parts of Tustin).","El Distrito 5 abarca el centro del condado de Orange: Santa Ana, Orange, Tustin y North Tustin, Villa Park y las comunidades de Cowan Heights, Lemon Heights y Orange Park Acres, hasta el límite con el condado de Riverside. El distrito está organizado en subdistritos, publica un boletín trimestral y mantiene en su sitio web sus guías (Rev. J, 2023), actas, informes de tesorería y una historia detallada. Las reuniones de habla hispana reciben servicio del Distrito 20 (Santa Ana y parte de Tustin) y del Distrito 24 (Orange y parte de Tustin).",d05dcmc@msca09aa.org,district5@district5msca09.com,https://district5msca09.com/,"One-page district site: meeting dates and Zoom, Panel 76 trusted servants and open positions, a detailed district and Area history, guidelines (Rev. J), motions, minutes, treasurer reports, the quarterly ""News4U"" newsletter and events.","Sitio de una sola página: fechas de reunión y Zoom, servidores de confianza del Panel 76 y puestos vacantes, una historia detallada del distrito y del Área, guías (Rev. J), mociones, actas, informes de tesorería, el boletín trimestral ""News4U"" y eventos.",https://www.oc-aa.org/,Orange County Central Office,Oficina Central del Condado de Orange,"District 5 of MSCA09, P.O. Box 3374, Tustin, CA 92781-3374",,33.7656346,-117.7975308,,2nd Monday of the month,Segundo lunes del mes,Monday,2,,19:00,20:30,Hybrid,yes,The Church of the Foothills,19211 Dodge Ave,,Santa Ana,92705,https://zoom.us/j/8970371755,897 037 1755,06101935,"Corner of Newport Ave & Dodge Ave. District 5 has met at the Church of the Foothills since at least August 1996. Steering Committee: virtual, on the Thursday before the monthly meeting at 5:30 PM (same Zoom); all District 5 members are invited.","Esquina de Newport Ave y Dodge Ave. El Distrito 5 se reúne en la Church of the Foothills desde al menos agosto de 1996. Comité Directivo: virtual, el jueves anterior a la reunión mensual a las 5:30 p. m. (mismo Zoom); todos los miembros del Distrito 5 están invitados.",GSR School / orientation for new GSRs at 6:45 PM (in person only).,Escuela/orientación para RSG nuevos a las 6:45 p. m. (solo en persona).,,,msca09-d05@msca09.local,"meeting_override=yes (2026-10-06): the page shows the district website (The Church of the Foothills, 7:00-8:30 PM) until Google Calendar series msca09-d05 has the venue name and an 8:30 PM end; then clear meeting_override. | business_meeting.end: District website used (7:00-8:30 PM). Calendar msca09-d05 end time should be 8:30 PM. | business_meeting.venue: Venue name added from district website. | trusted_servants.DCMC: Same person; district usage ""Josh O."" kept."
d06,6,6,active,,geographic,English,sky,District 6,Distrito 6,"Coastal north and central Orange County: Huntington Beach, Fountain Valley, Seal Beach and Sunset Beach, and Newport Beach with Balboa and Corona del Mar.","Costa norte y centro del condado de Orange: Huntington Beach, Fountain Valley, Seal Beach y Sunset Beach, y Newport Beach con Balboa y Corona del Mar.",Orange,Balboa; Corona del Mar; Fountain Valley; Huntington Beach; Newport Beach; Seal Beach; Sunset Beach,,6A: Newport Club; 6B: Seal Beach & Sunset Beach; 6C: HB & FV Women's; 6D: Balboa & Corona del Mar Women's; 6E: Newport / Balboa / Corona del Mar; 6F: Huntington Beach north of Slater & Fountain Valley; 6G: Huntington Beach south of Slater; 6H: HOW Hall,6A: Newport Club; 6B: Seal Beach y Sunset Beach; 6C: grupos de mujeres de HB y FV; 6D: grupos de mujeres de Balboa y Corona del Mar; 6E: Newport / Balboa / Corona del Mar; 6F: Huntington Beach al norte de Slater y Fountain Valley; 6G: Huntington Beach al sur de Slater; 6H: HOW Hall,,d04; d05; d07; d12; d18,1959,One of the ten districts the Area started with in 1959.,Uno de los diez distritos con los que nació el Área en 1959.,"District 6 serves Huntington Beach, Fountain Valley, Seal Beach, Sunset Beach and Newport Beach with Balboa and Corona del Mar, organised in eight subdistricts (6A-6H). The district website posts agendas, motions and minutes, officer contact addresses, a GSR toolkit and treasurer information, including Zelle contributions. Spanish-speaking groups are served by District 20.","El Distrito 6 atiende Huntington Beach, Fountain Valley, Seal Beach, Sunset Beach y Newport Beach con Balboa y Corona del Mar, organizado en ocho subdistritos (6A-6H). El sitio web del distrito publica agendas, mociones y actas, los correos de los oficiales, herramientas para RSG e información del tesorero, incluidas contribuciones por Zelle. Los grupos de habla hispana reciben servicio del Distrito 20.",d06dcmc@msca09aa.org,,https://district6area09.org/,"District 6 site: monthly meeting details (Moore Hall + Zoom), agendas, motions and minutes (Google Docs), district officers with role e-mails, GSR School and toolkit, treasurer notes (Zelle, reimbursement forms), events and PRAASA. Lists its eight subdistricts.","Sitio del Distrito 6: detalles de la reunión mensual (Moore Hall + Zoom), agendas, mociones y actas (Google Docs), oficiales con correos por cargo, Escuela de RSG y herramientas, notas del tesorero (Zelle, formularios de reembolso), eventos y PRAASA. Enumera sus ocho subdistritos.",https://www.oc-aa.org/,Orange County Central Office,Oficina Central del Condado de Orange,"District 6 of Area 09, P.O. Box 6881, Huntington Beach, CA 92615-6881",,33.7221519,-118.0126197,,1st Tuesday of the month,Primer martes del mes,Tuesday,1,,19:00,20:00,Hybrid,,Community United Methodist Church,6652 Heil Ave,Moore Hall,Huntington Beach,92647,https://zoom.us/j/89926380668,899 2638 0668,big6,Zoom registration is required. Snacks and drinks are served; in-person attendees can win Grapevine and AAWS literature.,Se requiere registrarse en Zoom. Se ofrecen bocadillos y bebidas; los asistentes en persona pueden ganar literatura de Grapevine y AAWS.,"GSR School (and ""GSR College"" for returning GSRs) at 6:30 PM; GSR Toolkit on the district website.","Escuela de RSG (y ""GSR College"" para RSG con experiencia) a las 6:30 p. m.; herramientas para RSG en el sitio web del distrito.",,,msca09-d06@msca09.local,trusted_servants.GSR School: District website used.
d07,7,7,active,,geographic,English,fuchsia,District 7,Distrito 7,"West-central Orange County: Garden Grove, Westminster, Stanton and Midway City.","Centro-oeste del condado de Orange: Garden Grove, Westminster, Stanton y Midway City.",Orange,Garden Grove; Midway City; Stanton; Westminster,,,,,d04; d05; d06; d10,1959,One of the ten districts the Area started with in 1959.,Uno de los diez distritos con los que nació el Área en 1959.,"District 7 serves Garden Grove, Westminster, Stanton and Midway City in west-central Orange County. Mail goes to P.O. Box 1328, Garden Grove. District 7 hosted an Area Service Committee meeting in March 2026 and a GSR workshop in August 2025. Spanish-speaking groups are served by Districts 20 and 24.","El Distrito 7 atiende Garden Grove, Westminster, Stanton y Midway City en el centro-oeste del condado de Orange. La correspondencia va al P.O. Box 1328, Garden Grove. El Distrito 7 fue anfitrión de un Comité de Servicio de Área (CSA) en marzo de 2026 y de un taller para RSG en agosto de 2025. Los grupos de habla hispana reciben servicio de los Distritos 20 y 24.",d07dcmc@msca09aa.org,,,,,https://www.oc-aa.org/,Orange County Central Office,Oficina Central del Condado de Orange,"P.O. Box 1328, Garden Grove, CA 92842-1328",,33.772353,-117.9607219,,2nd Monday of the month,Segundo lunes del mes,Monday,2,,18:30,19:30,In person,,Garden Grove Alano Club,9845 Belfast Dr,,Garden Grove,92844,,,,No Zoom.,Sin Zoom.,GSR orientation at 6:00 PM.,Orientación para RSG a las 6:00 p. m.,,,msca09-d07@msca09.local,business_meeting.zip: 92844 used.
d08,8,8; 11,active,,geographic,English,iris,District 8,Distrito 8,"Western Riverside County (Riverside, Corona, Norco, Jurupa Valley, Moreno Valley) and the San Bernardino Valley and mountain communities (San Bernardino, Redlands, Yucaipa, Fontana, Big Bear, Lake Arrowhead). Includes the territory of former District 11.","Oeste del condado de Riverside (Riverside, Corona, Norco, Jurupa Valley, Moreno Valley) y el valle y las montañas de San Bernardino (San Bernardino, Redlands, Yucaipa, Fontana, Big Bear, Lake Arrowhead). Incluye el territorio del antiguo Distrito 11.",Riverside; San Bernardino,Big Bear; Bloomington; Blue Jay; Calimesa; Colton; Corona; Crestline; Fontana; Grand Terrace; Highland; Jurupa Valley; Lake Arrowhead; Loma Linda; Mentone; Mira Loma; Moreno Valley; Norco; Redlands; Rialto; Riverside; Rubidoux; Running Springs; San Bernardino; Yucaipa,,Redlands / Yucaipa / Mentone; Moreno Valley; Corona / Norco,,,d05; d14; d15; d17; d19; d30,1959,"One of the ten districts the Area started with in 1959. Districts 11, 14, 17 and 19 were later formed from it, and District 11 rejoined it in 2023.","Uno de los diez distritos con los que nació el Área en 1959. De él se formaron después los Distritos 11, 14, 17 y 19, y el Distrito 11 volvió a unirse a él en 2023.","District 8 covers a large territory: western Riverside County (Riverside, Corona, Norco, Jurupa Valley, Moreno Valley) and the San Bernardino Valley and mountains (San Bernardino, Redlands, Yucaipa, Fontana, Colton, Big Bear and Lake Arrowhead). It absorbed the territory of District 11 when that district became inactive in 2023. The district has DCMs for Redlands/Yucaipa/Mentone, Moreno Valley and Corona/Norco, a full slate of committee chairs, and a long record of approved monthly minutes. Spanish-speaking groups are served by Districts 23 and 25.","El Distrito 8 abarca un territorio extenso: el oeste del condado de Riverside (Riverside, Corona, Norco, Jurupa Valley, Moreno Valley) y el valle y las montañas de San Bernardino (San Bernardino, Redlands, Yucaipa, Fontana, Colton, Big Bear y Lake Arrowhead). Absorbió el territorio del Distrito 11 cuando éste quedó inactivo en 2023. El distrito tiene MCD para Redlands/Yucaipa/Mentone, Moreno Valley y Corona/Norco, coordinadores en todos sus comités y un largo registro de actas mensuales aprobadas. Los grupos de habla hispana reciben servicio de los Distritos 23 y 25.",d08dcmc@msca09aa.org,,,,,https://aainlandempire.org/,Inland Empire Central Office,Oficina Central del Inland Empire,"P.O. Box 2673, Riverside, CA 92506",,33.9574985,-117.3878133,,3rd Tuesday of the month,Tercer martes del mes,Tuesday,3,,19:00,20:00,Hybrid,,Magnolia Center Church of Christ,6160 Riverside Ave,,Riverside,92506,https://zoom.us/j/9099511212,909 951 1212,,The Zoom room has no passcode.,La sala de Zoom no tiene código.,,,,,msca09-d08@msca09.local,Jurupa Valley added to the city list (region text; Mira Loma and Rubidoux are part of it). Zoom ID 909 951 1212 looks like a phone number: DCMC to confirm. | business_meeting.street: Riverside Ave (confirmed by OpenStreetMap). | business_meeting (former District 11 page): Stale; District 8 now meets 3rd Tuesday at Magnolia Center Church of Christ.
d09,9,9,active,,geographic,English,orange,District 9,Distrito 9,"The Coachella Valley and eastern Riverside County, from Whitewater and Palm Springs east through Indio and Coachella to Blythe on the Arizona border.","El valle de Coachella y el este del condado de Riverside, desde Whitewater y Palm Springs hacia el este por Indio y Coachella hasta Blythe, en la frontera con Arizona.",Riverside,Bermuda Dunes; Blythe; Cathedral City; Coachella; Desert Center; Desert Hot Springs; Eagle Mountain; Indian Wells; Indio; La Quinta; Mecca; North Palm Springs; Palm Desert; Palm Springs; Rancho Mirage; Thousand Palms; Whitewater,,"A: Palm Springs, North Palm Springs, Cathedral City, Desert Hot Springs, Whitewater; B: Palm Desert, Rancho Mirage, Thousand Palms, Bermuda Dunes, Indian Wells; C: Indio, La Quinta, Mecca, Coachella; D: Eagle Mountain, Desert Center, Blythe",,,d14; d30,1959,One of the ten districts the Area started with in 1959. District 30 was formed from it in 1988.,Uno de los diez distritos con los que nació el Área en 1959. De él se formó el Distrito 30 en 1988.,"District 9 covers the Coachella Valley and eastern Riverside County, from Whitewater and Palm Springs through Palm Desert, Indio and Coachella to Blythe on the Arizona border, in four subdistricts. The district website holds its guidelines (revised September 2023), minutes, position descriptions and recordings of its GSR School, which is studying the A.A. Service Manual over the panel. Spanish-speaking groups in the desert are served by District 22.","El Distrito 9 abarca el valle de Coachella y el este del condado de Riverside, desde Whitewater y Palm Springs, pasando por Palm Desert, Indio y Coachella, hasta Blythe en la frontera con Arizona, en cuatro subdistritos. El sitio web del distrito contiene sus guías (revisadas en septiembre de 2023), actas, descripciones de puestos y grabaciones de la Escuela de RSG, que estudia el Manual de Servicio de A.A. durante el panel. Los grupos de habla hispana del desierto reciben servicio del Distrito 22.",d09dcmc@msca09aa.org,,https://www.district9gs.com/,"District 09 General Services site: purpose and service structure, general service position descriptions, guidelines (revised Sept 17, 2023), minutes 2021-2025, committees, calendar of district meetings (hybrid), GSR School audio library and contributions.","Sitio de Servicios Generales del Distrito 09: propósito y estructura de servicio, descripción de puestos, guías (revisadas el 17 de sept. de 2023), actas 2021-2025, comités, calendario de reuniones (híbridas), audios de la Escuela de RSG y contribuciones.",https://aainthedesert.org/,A.A. in the Desert (Central Intergroup Office of the Desert),Oficina Intergrupal Central del Desierto (A.A. in the Desert),"P.O. Box 3684, Palm Desert, CA 92261-3684",https://www.district9gs.com/contributions-1,33.7929766,-116.4581827,,3rd Sunday of the month,Tercer domingo del mes,Sunday,3,,16:00,17:00,Hybrid,yes,Central Office of the Desert,"35325 Date Palm Dr, Suite 107",,Cathedral City,92234,https://zoom.us/j/92881704093?pwd=SlB2K2FZT3ZRWm1JSWp4VGVDQVBQZz09,928 8170 4093,642408,Monthly GSR meeting. The Zoom room opens at 3:30 PM.,Reunión mensual de RSG. La sala de Zoom abre a las 3:30 p. m.,GSR School 3:00-3:50 PM in the same room (a two-year study of the A.A. Service Manual; session recordings on the district website).,Escuela de RSG de 3:00 a 3:50 p. m. en la misma sala (estudio de dos años del Manual de Servicio; grabaciones en el sitio web del distrito).,,,msca09-d09@msca09.local,meeting_override=yes (2026-10-06): the page shows the district website (Hybrid at the Central Office of the Desert) until Google Calendar series msca09-d09 is corrected; then clear meeting_override. | Calendar entry says Virtual; district says hybrid at the Central Office of the Desert. Calendar needs updating. | business_meeting.format/venue: Hybrid at the Central Office of the Desert. Calendar msca09-d09 needs updating. | mailing address location: Office is in Cathedral City; Palm Desert is the P.O. box.
d10,10,10,active,,geographic,English,emerald,District 10,Distrito 10,"North-west Orange County: Fullerton, Buena Park, Cypress, La Palma and Anaheim south of SR-91 and west of SR-55.","Noroeste del condado de Orange: Fullerton, Buena Park, Cypress, La Palma y Anaheim al sur de la SR-91 y al oeste de la SR-55.",Orange,"Anaheim (south of SR-91, west of SR-55); Buena Park; Cypress; Fullerton; La Palma",Anaheim (al sur de la SR-91 y al oeste de la SR-55); Buena Park; Cypress; Fullerton; La Palma,,,,d02; d04; d05; d07; d15,1959,One of the ten districts the Area started with in 1959 (former District 16 merged into it in 1989).,Uno de los diez distritos con los que nació el Área en 1959 (el antiguo Distrito 16 se unió a él en 1989).,"District 10 serves north-west Orange County: Fullerton, Buena Park, Cypress, La Palma and the part of Anaheim south of the 91 freeway and west of the 55. Mail goes to P.O. Box 67, Fullerton. District 10 has hosted service workshops for the Area. Spanish-speaking groups are served by District 24.","El Distrito 10 atiende el noroeste del condado de Orange: Fullerton, Buena Park, Cypress, La Palma y la parte de Anaheim al sur de la autopista 91 y al oeste de la 55. La correspondencia va al P.O. Box 67, Fullerton. El Distrito 10 ha organizado talleres de servicio para el Área. Los grupos de habla hispana reciben servicio del Distrito 24.",d10dcmc@msca09aa.org,,,,,https://www.aanoc.org/,North Orange County Central Office,Oficina Central del Norte del Condado de Orange,"P.O. Box 67, Fullerton, CA 92632",,33.8708215,-117.929416,yes,1st Wednesday of the month,Primer miércoles del mes,Wednesday,1,,19:30,20:30,Hybrid,,,,,Fullerton,,https://zoom.us/j/84467047381,844 6704 7381,001343,The in-person meeting is in Fullerton; write to d10dcmc@msca09aa.org for the address.,La reunión presencial es en Fullerton; escribe a d10dcmc@msca09aa.org para pedir la dirección.,,,,,msca09-d10@msca09.local,"Street address of the Fullerton meeting place not published anywhere — ask the DCMC; map pin is the Fullerton city centre. | business_meeting.format: Hybrid (calendar, 2026 flyer). Venue street address still missing."
d12,12,12,active,,geographic,English,sun,District 12,Distrito 12,"South Orange County: the Laguna cities, Dana Point and San Clemente, Mission Viejo, Lake Forest, Rancho Santa Margarita and the canyon communities of the Santa Ana Mountains.","Sur del condado de Orange: las ciudades de Laguna, Dana Point y San Clemente, Mission Viejo, Lake Forest, Rancho Santa Margarita y las comunidades de los cañones de las montañas de Santa Ana.",Orange,Aliso Viejo; Capistrano Beach; Coto de Caza; Dana Point; Ladera Ranch; Laguna Beach; Laguna Hills; Laguna Niguel; Laguna Woods; Lake Forest; Mission Viejo; Modjeska Canyon; Rancho Santa Margarita; San Clemente; San Juan Capistrano; Silverado Canyon; South Laguna,,12A; 12B; 12C (each with male and female DCM positions),12A; 12B; 12C (cada uno con un puesto de MCD para hombres y otro para mujeres),,d05; d06; d08; d17; d18,1961,Created in 1961.,Creado en 1961.,"District 12 covers south Orange County: the Laguna cities, Dana Point, San Clemente, San Juan Capistrano, Mission Viejo, Lake Forest, Rancho Santa Margarita, Ladera Ranch and the canyon communities. District 12 has an extensive service roster, with male and female DCMs in three subdistricts and chairs for workshops, Traditions Day, the Labor Day picnic and more, each reachable at a district e-mail address. Its website posts monthly minutes, contribution reports and guidelines. Spanish-speaking groups are served by District 20.","El Distrito 12 abarca el sur del condado de Orange: las ciudades de Laguna, Dana Point, San Clemente, San Juan Capistrano, Mission Viejo, Lake Forest, Rancho Santa Margarita, Ladera Ranch y las comunidades de los cañones. El Distrito 12 tiene una amplia estructura de servicio, con MCD hombres y mujeres en tres subdistritos y coordinadores de talleres, del Día de las Tradiciones, del picnic del Día del Trabajo y más, cada uno con un correo del distrito. Su sitio web publica actas mensuales, informes de contribuciones y guías. Los grupos de habla hispana reciben servicio del Distrito 20.",d12dcmc@msca09aa.org,dcmc@mscadistrict12.org,https://www.mscadistrict12.org/,"MSCA District 12 site: meeting location, monthly minutes (Nov 2022-2026), monthly contribution reports, business meeting flyer, GSR report template, group inventory worksheet, guidelines, archives, Bridging the Gap, events and a full officer/committee contact list.","Sitio del Distrito 12: lugar de reunión, actas mensuales (nov. 2022-2026), informes mensuales de contribuciones, volante de la reunión, plantilla de informe del RSG, hoja de inventario de grupo, guías, archivos, Bridging the Gap, eventos y lista completa de oficiales y comités.",https://oc-aa.org/meetings/,Orange County meeting list (oc-aa.org),Lista de reuniones del condado de Orange (oc-aa.org),"MSCA District 12, P.O. Box 573, Dana Point, CA 92629",https://www.mscadistrict12.org/contributions,33.5268674,-117.7160581,,1st Thursday of the month,Primer jueves del mes,Thursday,1,,19:15,20:15,In person,,Laguna Niguel Presbyterian Church,30071 Ivy Glenn Dr,,Laguna Niguel,92677,,,,No longer meets on Zoom.,Ya no se reúne por Zoom.,GSR School at 6:45 PM (side room).,Escuela de RSG a las 6:45 p. m. (salón lateral).,,,msca09-d12@msca09.local,"trusted_servants (Alt DCMC, Secretary, Treasurer, Registrar): District website + Area roster used (WP page shows the previous panel)."
d14,14,14,active,,geographic,English,copper,District 14,Distrito 14,"The San Jacinto Valley, San Gorgonio Pass and mountain communities of Riverside County: Hemet, San Jacinto, Banning, Beaumont, Idyllwild, Anza and Aguanga.","El valle de San Jacinto, el paso de San Gorgonio y las comunidades de montaña del condado de Riverside: Hemet, San Jacinto, Banning, Beaumont, Idyllwild, Anza y Aguanga.",Riverside,Aguanga; Anza; Banning; Beaumont; Cabazon; Hemet; Homeland; Idyllwild; Juniper Flats; Romoland; San Jacinto; Winchester,,,,,d08; d09; d17,1972,Formed from District 8 in 1972; Ollie J. led its formation.,Formado a partir del Distrito 8 en 1972; Ollie J. impulsó su creación.,"District 14 serves the San Jacinto Valley, the San Gorgonio Pass and the mountain communities of Riverside County: Hemet, San Jacinto, Banning, Beaumont, Cabazon, Idyllwild, Anza, Aguanga, Homeland, Romoland and Winchester. Mail goes to P.O. Box 198, San Jacinto. District 14 hosted the Area Service Committee in June 2026. Spanish-speaking groups are served by District 23 (and, for Banning and Beaumont, District 25).","El Distrito 14 atiende el valle de San Jacinto, el paso de San Gorgonio y las comunidades de montaña del condado de Riverside: Hemet, San Jacinto, Banning, Beaumont, Cabazon, Idyllwild, Anza, Aguanga, Homeland, Romoland y Winchester. La correspondencia va al P.O. Box 198, San Jacinto. El Distrito 14 fue anfitrión del Comité de Servicio de Área (CSA) en junio de 2026. Los grupos de habla hispana reciben servicio del Distrito 23 (y, para Banning y Beaumont, del Distrito 25).",d14dcmc@msca09aa.org,,,,,https://aainlandempire.org/,Inland Empire Central Office,Oficina Central del Inland Empire,"P.O. Box 198, San Jacinto, CA 92581",,33.7471133,-116.9704791,,3rd Wednesday of the month,Tercer miércoles del mes,Wednesday,3,,19:00,20:00,Hybrid,,Arrid Club,120 S Harvard St,,Hemet,92543,https://zoom.us/j/8960076690,896 007 6690,district14,Zoom passcode is lower case.,El código de Zoom va en minúsculas.,,,,,msca09-d14@msca09.local,trusted_servants: Area roster used for Panel 76; WP list treated as Panel 74.
d15,15,15,active,,geographic,English,indigo,District 15,Distrito 15,"North-east Orange County: Brea, La Habra, Placentia, Yorba Linda, Anaheim Hills and the rest of Anaheim outside District 10.","Noreste del condado de Orange: Brea, La Habra, Placentia, Yorba Linda, Anaheim Hills y el resto de Anaheim fuera del Distrito 10.",Orange,Anaheim (outside District 10); Anaheim Hills; Brea; La Habra; Placentia; Yorba Linda,Anaheim (fuera del Distrito 10); Anaheim Hills; Brea; La Habra; Placentia; Yorba Linda,,,,d05; d08; d10,1975,Created in 1975.,Creado en 1975.,"District 15 serves north-east Orange County: Brea, La Habra, Placentia, Yorba Linda, Anaheim Hills and the parts of Anaheim outside District 10. The district website keeps a day-by-day list of meetings in District 15 and a list of open service commitments. Spanish-speaking groups are served by District 24.","El Distrito 15 atiende el noreste del condado de Orange: Brea, La Habra, Placentia, Yorba Linda, Anaheim Hills y las partes de Anaheim fuera del Distrito 10. El sitio web del distrito mantiene una lista de reuniones del Distrito 15 por día y una lista de compromisos de servicio disponibles. Los grupos de habla hispana reciben servicio del Distrito 24.",d15dcmc@msca09aa.org,,https://www.aadistrict15.com/,"AA District 15 site: monthly general service meeting (Grace Lutheran Church + Zoom), district officers and open commitments, a by-day list of meetings in District 15, upcoming Area and regional events, contributions and contact form.","Sitio del Distrito 15: reunión mensual de servicios generales (Grace Lutheran Church + Zoom), oficiales y compromisos disponibles, lista de reuniones del Distrito 15 por día, eventos del Área y regionales, contribuciones y formulario de contacto.",https://www.aadistrict15.com/meetings-in-district-15,Meetings in District 15 (district website),"Reuniones del Distrito 15 (sitio del distrito, en inglés)","P.O. Box 1491, Brea, CA 92822",https://www.aadistrict15.com/contributions,33.8670876,-117.778196,,1st Tuesday of the month,Primer martes del mes,Tuesday,1,,19:00,20:00,Hybrid,,Grace Lutheran Church,6550 Fairmont Blvd,,Yorba Linda,92886,https://zoom.us/j/85740323324,857 4032 3324,sober,,,,,,,msca09-d15@msca09.local,"Alt DCMC / Registrar / Archives: district site and Area page disagree — confirm with the DCMC. | trusted_servants (Alt DCMC / Registrar / Archives): Most recently dated source (WP, July 2026) used; confirm with the DCMC."
d17,17,17,active,,geographic,English,red,District 17,Distrito 17,"South-west Riverside County and the Temecula Valley: Temecula, Murrieta, Menifee, Lake Elsinore, Wildomar, Canyon Lake and Perris.","Suroeste del condado de Riverside y el valle de Temecula: Temecula, Murrieta, Menifee, Lake Elsinore, Wildomar, Canyon Lake y Perris.",Riverside,Canyon Lake; French Valley; Lake Elsinore; Menifee; Murrieta; Perris; Quail Valley; Sun City; Temecula; Wildomar; Winchester,,DCM-A; DCM-B; DCM-C; DCM-D,MCD-A; MCD-B; MCD-C; MCD-D,,d08; d12; d14,1978,Formed from part of District 8 in October 1978.,Formado a partir de una parte del Distrito 8 en octubre de 1978.,"District 17 covers south-west Riverside County and the Temecula Valley: Temecula, Murrieta, Menifee, Lake Elsinore, Wildomar, Canyon Lake, Perris, Sun City and nearby communities. Its DCMs are organised as DCM-A to DCM-D. District 17 hosted the April 2026 pre-Conference Area Service Committee. Spanish-speaking groups are served by District 23.","El Distrito 17 abarca el suroeste del condado de Riverside y el valle de Temecula: Temecula, Murrieta, Menifee, Lake Elsinore, Wildomar, Canyon Lake, Perris, Sun City y comunidades cercanas. Sus MCD se organizan como MCD-A a MCD-D. El Distrito 17 fue anfitrión del Comité de Servicio de Área (CSA) previo a la Conferencia en abril de 2026. Los grupos de habla hispana reciben servicio del Distrito 23.",d17dcmc@msca09aa.org,,https://aadistrict17.info/,"AA District 17 site: monthly meeting details (Del Rio Hall), the GSR preamble and the cities served.","Sitio del Distrito 17: detalles de la reunión mensual (Del Rio Hall), el preámbulo del RSG y las ciudades atendidas.",https://www.temeculacentraloffice.org/,Temecula Valley Central Office,Oficina Central del Valle de Temecula,"District 17, P.O. Box 1131, Temecula, CA 92593-1131",,33.5192358,-117.1698246,,2nd Tuesday of the month,Segundo martes del mes,Tuesday,2,,18:30,19:30,In person,,Del Rio Survivors Hall,"41743 Enterprise Cir N, Suite 102",,Temecula,92590,,,,Park at the rear of the building and enter through the back door in the alley.,"Estaciónate en la parte trasera del edificio y entra por la puerta de atrás, en el callejón.",New GSR orientation and standing committees meet at 6:00 PM.,Orientación para RSG nuevos y comités permanentes a las 6:00 p. m.,,,msca09-d17@msca09.local,Website: only the home page of aadistrict17.info is genuine; its sub-pages served spam on 2026-10-05 — alert the district. | website: aadistrict17.info used - but see compromise warning.
d18,18,18,active,,geographic,English,teal,District 18,Distrito 18,Costa Mesa and Irvine in central Orange County.,"Costa Mesa e Irvine, en el centro del condado de Orange.",Orange,Costa Mesa; Irvine,,18C (Costa Mesa); 18I (Irvine); 18A (Alano Clubs); 18M (Men's); 18W (Women's),18C (Costa Mesa); 18I (Irvine); 18A (clubes Alano); 18M (hombres); 18W (mujeres),,d05; d06; d12,1979,"Formed in 1979 from the southern half of District 6 (approved by the Area committee in July 1979, pending the Assembly).","Formado en 1979 a partir de la mitad sur del Distrito 6 (aprobado por el comité del Área en julio de 1979, pendiente de la aprobación de la Asamblea).","District 18 serves Costa Mesa and Irvine in central Orange County, organised in subdistricts for Costa Mesa, Irvine, the Alano clubs, men's and women's groups. Most of its standing committees have chairs, and it joined Districts 6 and 12 to host pre-Conference agenda-item bootcamps in 2025 and 2026. Spanish-speaking groups are served by District 20.","El Distrito 18 atiende Costa Mesa e Irvine, en el centro del condado de Orange, organizado en subdistritos para Costa Mesa, Irvine, los clubes Alano y los grupos de hombres y de mujeres. La mayoría de sus comités permanentes tienen coordinador, y junto con los Distritos 6 y 12 organizó talleres intensivos sobre los puntos de agenda de la Conferencia en 2025 y 2026. Los grupos de habla hispana reciben servicio del Distrito 20.",d18dcmc@msca09aa.org,,,,,https://www.oc-aa.org/,Orange County Central Office,Oficina Central del Condado de Orange,"P.O. Box 3084, Costa Mesa, CA 92626-3084",,33.6455173,-117.9098999,,2nd Tuesday of the month,Segundo martes del mes,Tuesday,2,,19:00,20:00,Hybrid,,,183 E Bay St,,Costa Mesa,92627,https://zoom.us/j/81829903892,818 2990 3892,District18,,,GSR School 6:30-7:00 PM.,Escuela de RSG de 6:30 a 7:00 p. m.,,,msca09-d18@msca09.local,"Zoom ID: calendar 818 2990 3892 vs 2026 flyer 817 8125 1084 — confirm with the DCMC. | business_meeting.zoom_id: Calendar/WP value kept; confirm with the DCMC. | business_meeting.venue_name: Venue name unknown. | established: Area committee minutes, July 8, 1979 (Archives, Area minutes 1970–1979): District 6 may subdivide; tentative approval of District 18 pending the Assembly."
d19,19,19,active,,geographic,English,rose,District 19,Distrito 19,"The High Desert / Victor Valley of San Bernardino County: Victorville, Hesperia, Apple Valley, Adelanto and Phelan, out to Barstow, Yermo, Newberry Springs and Trona.","El Alto Desierto / Victor Valley del condado de San Bernardino: Victorville, Hesperia, Apple Valley, Adelanto y Phelan, hasta Barstow, Yermo, Newberry Springs y Trona.",San Bernardino,Adelanto; Apple Valley; Barstow; Hesperia; Lucerne Valley; Newberry Springs; Phelan; Trona; Victorville; Wrightwood; Yermo,,,,,d08; d30,1980,Formed from District 8 in 1980.,Formado a partir del Distrito 8 en 1980.,"District 19 covers the High Desert of San Bernardino County: Victorville, Hesperia, Apple Valley, Adelanto and Phelan, and the outlying communities of Barstow, Yermo, Newberry Springs, Lucerne Valley, Trona and Wrightwood. In June, instead of its monthly meeting, the district takes part in the Sunshine of the Spirit High Desert Convention, where the Delegate gives the Conference shareback. Spanish-speaking groups are served by District 25.","El Distrito 19 abarca el Alto Desierto del condado de San Bernardino: Victorville, Hesperia, Apple Valley, Adelanto y Phelan, y las comunidades de Barstow, Yermo, Newberry Springs, Lucerne Valley, Trona y Wrightwood. En junio, en lugar de su reunión mensual, el distrito participa en la convención Sunshine of the Spirit del Alto Desierto, donde el Delegado presenta su informe de la Conferencia. Los grupos de habla hispana reciben servicio del Distrito 25.",d19dcmc@msca09aa.org,,,,,https://victorvalleyaa.org/,Victor Valley Central Office,Oficina Central de Victor Valley,"District 19, P.O. Box 3096, Victorville, CA 92395",,34.4236226,-117.316113,,4th Sunday of the month (no meeting in June),Cuarto domingo del mes (no hay reunión en junio),Sunday,4,6,17:00,18:00,Hybrid,,,"15885 Main St, Suite 310",,Hesperia,92345,https://zoom.us/j/82791277692,827 9127 7692,768560,"No meeting in June: the district takes part in the Sunshine of the Spirit High Desert Convention, where the Delegate gives the shareback at the opening event.","No hay reunión en junio: el distrito participa en la convención Sunshine of the Spirit del Alto Desierto, donde el Delegado presenta su informe en el evento de apertura.",,,,,ehtg8kl7ssbf7a0h3347quc8l8@google.com,business_meeting.zip: 92345 used (92311 is Barstow). | calendar UID: Only district series without the msca09-dNN UID convention.
d20,20,20,active,,linguistic,Spanish,violet,District 20,Distrito 20,"Spanish-speaking groups of central and south Orange County: Districts 6, 12 and 18, plus Santa Ana and Tustin (District 5) and Midway City and Westminster (District 7).","Grupos de habla hispana del centro y sur del condado de Orange: Distritos 6, 12 y 18, más Santa Ana y Tustin (Distrito 5) y Midway City y Westminster (Distrito 7).",Orange,Aliso Viejo; Balboa; Capistrano Beach; Corona del Mar; Costa Mesa; Dana Point; Fountain Valley; Huntington Beach; Irvine; Laguna Beach; Laguna Hills; Laguna Niguel; Laguna Woods; Lake Forest; Leisure World (Seal Beach); Midway City; Mission Viejo; Modjeska Canyon; Newport Beach; Rancho Santa Margarita; San Clemente; San Juan Capistrano; Santa Ana; Seal Beach; Silverado Canyon; South Laguna; Sunset Beach; Trabuco Canyon; Tustin; Westminster,,,,d05; d06; d07; d12; d18,d21; d23; d24,1985,"Created in 1985 to serve all the Spanish-speaking meetings of the Area — the first Spanish-speaking district. Districts 21, 22, 23 and 24 were later formed from it.","Creado en 1985 para atender todas las reuniones de habla hispana del Área: el primer distrito hispano. De él se formaron después los Distritos 21, 22, 23 y 24.","District 20 is one of Area 09's six Spanish-speaking (linguistic) districts. It serves Spanish-speaking A.A. groups in central and south Orange County, in the territory of Districts 6, 12 and 18 plus Santa Ana and Tustin (District 5) and Midway City and Westminster (District 7). Together with Districts 21 to 25 it takes part in the Interdistrict Meeting of the Spanish-speaking districts.","El Distrito 20 es uno de los seis distritos lingüísticos de habla hispana del Área 09. Atiende a los grupos de A.A. de habla hispana del centro y sur del condado de Orange, en el territorio de los Distritos 6, 12 y 18, más Santa Ana y Tustin (Distrito 5) y Midway City y Westminster (Distrito 7). Junto con los Distritos 21 a 25 participa en la Junta Interdistrital de los Distritos de Habla Hispana.",d20dcmc@msca09aa.org,,,,,http://oc-intsuraa.org/,Oficina Intergrupal Hispana del Sur de Orange,Oficina Intergrupal Hispana del Sur de Orange,"205 W. 1st St., Suite 206, Tustin, CA 92780",,33.7458523,-117.8250976,,Every Monday,Todos los lunes,Monday,every,,19:30,21:30,In person,,,"205 W 1st St, Suite 206",,Tustin,92780,,,,,,,,Public Information and CPC,Información Pública (IP) y CCP,msca09-d20@msca09.local,"Covers: WP/calendar/flyer also list Districts 10 and 15, which District 24 lists too — ask the Inter-District Hispanic Chair. | covers_districts: Unresolved overlap: city lists suggest District 24 serves Districts 10/15. Ask the Inter-District Hispanic Chair. | meeting.zip: 92780 used. | covers: WP: Districts 6, 10, 12, 15 & 18 plus Midway City & Westminster (7) and Santa Ana & Tustin (5). Calendar: 6, 10, 12, 15, 18 and parts of 5 and 7. 2026 flyer: 5, 6, 7, 10, 12, 15, 18. The city list contains no District 10 or 15 cities, which District 24 lists."
d21,21,21,active,,linguistic,Spanish,cyan,District 21,Distrito 21,"Spanish-speaking groups of the South Bay, Harbor and Long Beach areas of Los Angeles County: Districts 1, 2, 3 and 4.","Grupos de habla hispana del South Bay, la zona del puerto y Long Beach en el condado de Los Ángeles: Distritos 1, 2, 3 y 4.",Los Angeles; Orange,Artesia; Avalon; Bellflower; Carson; Cerritos; Compton (portion); Dominguez; Gardena; Harbor City; Hawaiian Gardens; Hermosa Beach; Lakewood; Lawndale; Lomita; Long Beach; Los Alamitos; Manhattan Beach; Norwalk (portion); Paramount (portion); Rancho Palos Verdes; Redondo Beach; Rolling Hills; Rolling Hills Estates; San Pedro; Signal Hill; Torrance; Wilmington,Artesia; Avalon; Bellflower; Carson; Cerritos; Compton (en parte); Dominguez; Gardena; Harbor City; Hawaiian Gardens; Hermosa Beach; Lakewood; Lawndale; Lomita; Long Beach; Los Alamitos; Manhattan Beach; Norwalk (en parte); Paramount (en parte); Rancho Palos Verdes; Redondo Beach; Rolling Hills; Rolling Hills Estates; San Pedro; Signal Hill; Torrance; Wilmington,,,d01-03; d02; d04,d20; d24,1987,Formed from District 20 in 1987.,Formado a partir del Distrito 20 en 1987.,"District 21 is a Spanish-speaking (linguistic) district serving Spanish-speaking A.A. groups in the territory of Districts 1, 2, 3 and 4: the South Bay, the Harbor area and Long Beach in Los Angeles County, plus Los Alamitos. District 21 hosted the Spanish interdistrict pre-Conference in March 2025 and the Interdistrict Meeting of the Spanish-speaking districts in March 2026.","El Distrito 21 es un distrito lingüístico de habla hispana que atiende a los grupos de A.A. de habla hispana en el territorio de los Distritos 1, 2, 3 y 4: el South Bay, la zona del puerto y Long Beach en el condado de Los Ángeles, más Los Alamitos. El Distrito 21 fue anfitrión de la Pre-Conferencia interdistrital en español en marzo de 2025 y de la Junta Interdistrital de los Distritos de Habla Hispana en marzo de 2026.",d21dcmc@msca09aa.org,,,,,https://aasurdelabahia.org/,Oficina Intergrupal del Sur de la Bahía,Oficina Intergrupal del Sur de la Bahía,"16407½ New Hampshire Ave, Gardena, CA 90247",,33.9037248,-118.1577013,,"1st, 2nd & 4th Wednesday","Primer, segundo y cuarto miércoles",Wednesday,"1,2,4",,20:00,21:30,In person,,,"8111 Rosecrans Ave, Suite H",,Paramount,90723,,,,,,,,,,msca09-d21@msca09.local,"covers: Districts 1, 2, 3 & 4 (WP, calendar, 2026 flyer agree)."
d22,22,22,active,,linguistic,Spanish,green,District 22,Distrito 22,"Spanish-speaking groups of the Coachella Valley and Morongo Basin: Districts 9 and 30 (and ""31"" in older listings).","Grupos de habla hispana del valle de Coachella y la cuenca de Morongo: Distritos 9 y 30 (y ""31"" en listas antiguas).",Riverside; San Bernardino,Bermuda Dunes; Cathedral City; Coachella; Desert Center; Desert Hot Springs; Eagle Mountain; Indian Wells; Indio; Joshua Tree; La Quinta; Landers; Mecca; Morongo Valley; Palm Desert; Palm Springs; Rancho Mirage; Thermal; Thousand Palms; Twentynine Palms; Yucca Valley,,,,d09; d30,d23; d25,1988,Formed from District 20 in 1988.,Formado a partir del Distrito 20 en 1988.,"District 22 is a Spanish-speaking (linguistic) district serving Spanish-speaking A.A. groups in the Coachella Valley and the Morongo Basin, the territory of Districts 9 and 30, including Indio, Coachella, Mecca, Thermal, Cathedral City and Yucca Valley. District 22 hosted the Area's Foro in July 2026.","El Distrito 22 es un distrito lingüístico de habla hispana que atiende a los grupos de A.A. de habla hispana del valle de Coachella y de la cuenca de Morongo, el territorio de los Distritos 9 y 30, incluidos Indio, Coachella, Mecca, Thermal, Cathedral City y Yucca Valley. El Distrito 22 fue anfitrión del Foro del Área en julio de 2026.",d22dcmc@msca09aa.org,,,,,https://aaintcoachella.net/,Oficina Intergrupal Hispana del Valle de Coachella,Oficina Intergrupal Hispana del Valle de Coachella,"P.O. Box 2692, Indio, CA 92201",,33.8005318,-116.4579489,,Every Tuesday,Todos los martes,Tuesday,every,,19:00,21:00,In person,,,"34116 Date Palm Dr, Suite 17",,Cathedral City,92234,,,,,,,,Finance and Historical Archives,Finanzas y Archivos Históricos,msca09-d22@msca09.local,"covers_districts: District 31 is not an active Area 09 district; omitted from covers_districts. | covers: Districts 9, 30, 31 (WP, calendar, flyer). There is no active District 31 in Area 09; probably historical."
d23,23,23,active,,linguistic,Spanish,pink,District 23,Distrito 23,"Spanish-speaking groups of western Riverside County and the Inland Empire: Districts 8 (Riverside side), 14 and 17, and former District 11.","Grupos de habla hispana del oeste del condado de Riverside y el Inland Empire: Distritos 8 (lado de Riverside), 14 y 17, y el antiguo Distrito 11.",Riverside; San Bernardino,Anza; Bloomington; Blue Jay; Cabazon; Canyon Lake; Corona; Grand Terrace; Hemet; Homeland; Idyllwild; Jurupa Valley; Lake Elsinore; Loma Linda; Menifee; Mira Loma; Moreno Valley; Murrieta; Newberry Springs; Norco; Perris; Rancho California; Riverside; Romoland; Rubidoux; San Jacinto; Sun City; Temecula; Wildomar,,,,d08; d14; d17,d22; d24; d25,1991,Formed from District 20 in 1991.,Formado a partir del Distrito 20 en 1991.,"District 23 is a Spanish-speaking (linguistic) district serving Spanish-speaking A.A. groups in western Riverside County and the Inland Empire, in the territory of Districts 8, 14 and 17 (and, by its own listings, 19). Its cities run from Corona, Norco, Riverside and Moreno Valley to Hemet, San Jacinto, Perris, Lake Elsinore, Murrieta and Temecula.","El Distrito 23 es un distrito lingüístico de habla hispana que atiende a los grupos de A.A. de habla hispana del oeste del condado de Riverside y el Inland Empire, en el territorio de los Distritos 8, 14 y 17 (y, según sus propias listas, el 19). Sus ciudades van de Corona, Norco, Riverside y Moreno Valley a Hemet, San Jacinto, Perris, Lake Elsinore, Murrieta y Temecula.",d23dcmc@msca09aa.org,,,,,https://oiaasriverside.org/,Oficina Intergrupal Sureste de Riverside,Oficina Intergrupal Sureste de Riverside,"10838 Hole Ave, Riverside, CA 92505",,33.9181608,-117.4826428,,Every Friday,Todos los viernes,Friday,every,,19:00,20:00,In person,,,10838 Hole Ave,,Riverside,92505,,,,,,,,"Grapevine, La Viña and Literature","Grapevine, La Viña y Literatura",msca09-d23@msca09.local,"covers_districts: d19 removed on 2026-10-06 (fix DI-08) so the District 19 page, its About text and the research (Spanish-speaking groups of District 19 = District 25) agree; District 23's own WP page, calendar and 2026 flyer list District 19 too - the Inter-District Hispanic Chair should confirm, then put d19 back here or leave it out. | Ontario removed from the city list (it is in Area 05) until District 23 confirms. Jurupa Valley added (Mira Loma and Rubidoux are part of it). | covers_districts: Overlap; by city list District 23 serves the Riverside County side and District 25 the San Bernardino Valley / High Desert side. | covers: WP: Districts 8, 11, 14, 17 & 19. Calendar: 8, 11, 14, 17 and 19. 2026 flyer: 8, 14, 17, 19. District 25 also covers 8 and 19."
d24,24,24,active,,linguistic,Spanish,lime,District 24,Distrito 24,"Spanish-speaking groups of north Orange County: Districts 10 and 15, plus Garden Grove and Stanton (District 7) and Orange and Villa Park (District 5).","Grupos de habla hispana del norte del condado de Orange: Distritos 10 y 15, más Garden Grove y Stanton (Distrito 7) y Orange y Villa Park (Distrito 5).",Orange,Anaheim; Anaheim Hills; Brea; Buena Park; Cowan Heights; Cypress; Fullerton; Garden Grove; La Habra; La Palma; Lemon Heights; Midway City; Orange; Orange Park Acres; Placentia; Stanton; Tustin; Villa Park; Westminster; Yorba Linda,,,,d05; d07; d10; d15,d20; d21; d23,1995,Formed from District 20 in 1995.,Formado a partir del Distrito 20 en 1995.,District 24 is a Spanish-speaking (linguistic) district serving Spanish-speaking A.A. groups in north Orange County: the territory of Districts 10 and 15 plus Garden Grove and Stanton (District 7) and Orange and Villa Park (District 5). District 24 hosted the June 2026 Interdistrict Meeting of the Spanish-speaking districts in Santa Ana and the February 2026 Area Service Committee.,"El Distrito 24 es un distrito lingüístico de habla hispana que atiende a los grupos de A.A. de habla hispana del norte del condado de Orange: el territorio de los Distritos 10 y 15, más Garden Grove y Stanton (Distrito 7) y Orange y Villa Park (Distrito 5). El Distrito 24 fue anfitrión de la Junta Interdistrital de los Distritos de Habla Hispana de junio de 2026 en Santa Ana y del Comité de Servicio de Área (CSA) de febrero de 2026.",d24dcmc@msca09aa.org,,,,,http://oc-intsuraa.org/,Oficina Intergrupal Hispana del Sur de Orange,Oficina Intergrupal Hispana del Sur de Orange,"12019 Garden Grove Blvd, Suite 206, Garden Grove, CA 92843",,33.7742823,-117.9229769,,Every Tuesday,Todos los martes,Tuesday,every,,20:00,21:00,In person,,,"12019 Garden Grove Blvd, Suite 206",,Garden Grove,92843,,,,,,,,"Report and Charter, and Trustees",Informe y Carta Constitutiva; Custodios,msca09-d24@msca09.local,"correspondence.zip: 92843 used. | trusted_servants (Panel 74 MCD): Historical only. | covers: WP: Districts 10, 15 and Garden Grove (07), Orange (05), Stanton (07), Villa Park (05). Calendar and 2026 flyer: 5, 7, 10, 15."
d25,25,25,active,,linguistic,Spanish,blue,District 25,Distrito 25,"Spanish-speaking groups of the San Bernardino Valley, mountains and High Desert: District 19 and the San Bernardino County side of District 8 (former District 11), plus the Pass area (Banning, Beaumont).","Grupos de habla hispana del valle y las montañas de San Bernardino y del Alto Desierto: Distrito 19 y el lado de San Bernardino del Distrito 8 (antiguo Distrito 11), más la zona del Paso (Banning, Beaumont).",San Bernardino; Riverside,Adelanto; Apple Valley; Banning; Barstow; Beaumont; Big Bear City; Big Bear Lake; Cherry Valley; Colton; Crestline; Daggett; Devore; El Cerrito; Fawnskin; Fontana; Forest Falls; Helendale; Hesperia; Highland; Hinkley; Lake Arrowhead; Lenwood; Lucerne Valley; Mentone; Muscoy; Phelan; Redlands; Rialto; Running Springs; San Bernardino; Trona; Victorville; Yermo; Yucaipa,,,,d08; d19; d14,d22; d23,2008,Formed from District 24 at the January 2008 Assembly.,Formado a partir del Distrito 24 en la Asamblea de enero de 2008.,"District 25 is a Spanish-speaking (linguistic) district serving Spanish-speaking A.A. groups in the San Bernardino Valley, the San Bernardino Mountains and the High Desert, in the territory of District 19 and the San Bernardino County side of District 8, plus Banning and Beaumont. The district published a monthly Spanish-language bulletin (boletín) in 2021-2022.","El Distrito 25 es un distrito lingüístico de habla hispana que atiende a los grupos de A.A. de habla hispana del valle de San Bernardino, las montañas de San Bernardino y el Alto Desierto, en el territorio del Distrito 19 y del lado de San Bernardino del Distrito 8, más Banning y Beaumont. El distrito publicó un boletín mensual en español en 2021-2022.",d25dcmc@msca09aa.org,,,,,https://aainlandempire.org/,Inland Empire Central Office (no Spanish-speaking office found for San Bernardino),Oficina Central del Inland Empire (no se encontró una oficina hispana en San Bernardino),"222 E Highland Ave, Suite 7, San Bernardino, CA 92404",,34.1360222,-117.2816469,,Every Monday,Todos los lunes,Monday,every,,19:00,20:00,In person,,,"222 E Highland Ave, Suite 7",,San Bernardino,92404,,,,,,,,"Treatment, Accessibilities and Corrections","Tratamiento, Accesibilidades y Correccionales",msca09-d25@msca09.local,"meeting.zoom: Calendar used; the WP Zoom (Panel 70 passcode) is stale. | covers: Calendar and 2026 flyer: Districts 8 and 19. The city list also includes Banning, Beaumont and Cherry Valley (District 14 area)."
d30,30,30,active,,geographic,English,purple,District 30,Distrito 30,"The Morongo Basin (Hi-Desert) of San Bernardino County beside Joshua Tree National Park: Yucca Valley, Joshua Tree, Twentynine Palms, Morongo Valley, Landers and Wonder Valley.","La cuenca de Morongo (Alto Desierto) del condado de San Bernardino, junto al Parque Nacional Joshua Tree: Yucca Valley, Joshua Tree, Twentynine Palms, Morongo Valley, Landers y Wonder Valley.",San Bernardino,Joshua Tree; Landers; Morongo Valley; Twentynine Palms; Wonder Valley; Yucca Valley,,,,,d08; d09; d19,1988,Formed from District 9 in 1988; it began as Sub-district 9A.,Formado a partir del Distrito 9 en 1988; comenzó como el subdistrito 9A.,"District 30 serves the Morongo Basin beside Joshua Tree National Park: Yucca Valley, Joshua Tree, Twentynine Palms, Morongo Valley, Landers and Wonder Valley. Its website describes the district's purpose and committees, explains how a new GSR gets started, and offers a downloadable District 30 meeting list. District 30 co-hosted the September 2026 Area Service Assembly with District 9. Spanish-speaking groups are served by District 22.","El Distrito 30 atiende la cuenca de Morongo junto al Parque Nacional Joshua Tree: Yucca Valley, Joshua Tree, Twentynine Palms, Morongo Valley, Landers y Wonder Valley. Su sitio web describe el propósito y los comités del distrito, explica cómo empezar como RSG y ofrece una lista descargable de reuniones del Distrito 30. El Distrito 30 fue coanfitrión, con el Distrito 9, de la Asamblea de Servicio del Área de septiembre de 2026. Los grupos de habla hispana reciben servicio del Distrito 22.",d30dcmc@msca09aa.org,,https://www.district30area09.org/,"District 30 Area 09 site (""AA in the Morongo Basin""): district purpose, monthly district meeting (hybrid), GSR getting-started page, standing and service committees, events calendar, contact and donate pages, and a downloadable District 30 meeting list.","Sitio del Distrito 30 (""AA en la cuenca de Morongo""): propósito del distrito, reunión mensual (híbrida), guía para RSG nuevos, comités, calendario de eventos, contacto y donaciones, y una lista descargable de reuniones del Distrito 30.",https://drive.google.com/file/d/1ZtZvzKDxBSumpd_aZ1-WCQvWnbKOQiBB/view,District 30 meeting list (PDF),"Lista de reuniones del Distrito 30 (PDF, en inglés)","AA District 30, P.O. Box 1692, Yucca Valley, CA 92286-1692",https://www.district30area09.org/donate,34.1208942,-116.4106744,yes,3rd Friday of the month,Tercer viernes del mes,Friday,3,,18:00,19:00,Hybrid,,Yucca Valley Alano Club,57617 Yucca Trail,,Yucca Valley,92284,https://zoom.us/j/81258886900,812 5888 6900,Sober2024,,,,,,,msca09-d30@msca09.local,Zoom passcode Sober2024 vs Sober2026 on one district page — confirm. Map pin is street-level only. | business_meeting.zoom_passcode: Sober2024 kept (3 sources); confirm with the DCMC. | business_meeting.street_number: 57617 kept. | GSR meeting day: Stale text; district meeting is the 3rd Friday. | trusted_servants: Area roster used.
d03,3,3,merged,d01-03,geographic,English,ocean,District 3,Distrito 3,"Harbor area of Los Angeles County (San Pedro, Wilmington, Lomita, Harbor City, Carson/Dominguez).","Zona del puerto del condado de Los Ángeles (San Pedro, Wilmington, Lomita, Harbor City, Carson/Dominguez).",Los Angeles,Carson; Dominguez; Harbor City; Lomita; San Pedro; Wilmington,,,,,,,,,"District 3 (San Pedro, Wilmington, Lomita, Harbor City and the Carson/Dominguez area) has been represented together with District 1 since July 2020. Its groups take part in District 1 & 3.","El Distrito 3 (San Pedro, Wilmington, Lomita, Harbor City y la zona de Carson/Dominguez) se representa junto con el Distrito 1 desde julio de 2020. Sus grupos participan en el Distrito 1 y 3.",,,,,,,,,,,33.7358518,-118.2922934,yes,,,,,,,,,,,,,,,,,,,,,,,,,
d11,11,11,inactive,d08,geographic,English,iris,District 11,Distrito 11,San Bernardino Valley and mountain communities.,Valle y montañas de San Bernardino.,San Bernardino,Big Bear; Bloomington; Blue Jay; Colton; Crestline; Fontana; Grand Terrace; Highland; Lake Arrowhead; Loma Linda; Rialto; Running Springs; San Bernardino,,,,,,,,,"District 11 (San Bernardino, Colton, Fontana, Rialto, Highland, Loma Linda, Grand Terrace, Bloomington and the San Bernardino Mountains) was formed from District 8 in January 1961; Tom A. of San Bernardino, later the Area's Panel 14 Delegate, was behind it. It became inactive for lack of service participants and rejoined District 8 in 2023. GSRs from its groups take full part in District 8.","El Distrito 11 (San Bernardino, Colton, Fontana, Rialto, Highland, Loma Linda, Grand Terrace, Bloomington y las montañas de San Bernardino) se formó a partir del Distrito 8 en enero de 1961, por iniciativa de Tom A. de San Bernardino, quien después fue el delegado del Panel 14 del Área. Quedó inactivo por falta de participantes en el servicio y volvió a unirse al Distrito 8 en 2023. Los RSG de sus grupos participan plenamente en el Distrito 8.",,,,,,,,,,,34.1081621,-117.28946,yes,,,,,,,,,,,,,,,,,,,,,,,,,
d13,13,13,merged,d02,geographic,English,amber,District 13,Distrito 13,,,,,,,,,,,,,District 13 was created between 1961 and 1963 and later merged into District 2.,El Distrito 13 se creó entre 1961 y 1963 y se unió después al Distrito 2.,,,,,,,,,,,,,,,,,,,,,,,,,,,,,,,,,,,,,,"Historical district (Archives timeline + 'Notes the Year MSCA 09 Districts Formed'). Merger year not confirmed: the 1970–1973 Area minutes and a Dec 1984 meeting hosted by District 13 show it active, and the Archives label its group-history folder 'until 1996' — asked in AREA-ACTION-LIST.md (Archives, Verify)."
d16,16,16,merged,d10,geographic,English,emerald,District 16,Distrito 16,,,,,,,,,,,,,District 16 was created in 1975 and merged into District 10 in 1989.,El Distrito 16 se creó en 1975 y se unió al Distrito 10 en 1989.,,,,,,,,,,,,,,,,,,,,,,,,,,,,,,,,,,,,,,"Historical district (Archives timeline sheet and the Chronicles: created 1975, merged into District 10 in 1989; 'Notes the Year MSCA 09 Districts Formed' gives '1973 (?)')."
interdistrict,,,active,,interdistrict,Spanish,sun,Inter-District Meeting of the Spanish-speaking Districts,Junta Interdistrital de los Distritos de Habla Hispana,"Districts 20, 21, 22, 23, 24 and 25","Distritos 20, 21, 22, 23, 24 y 25",,,,,,d20; d21; d22; d23; d24; d25,,,,,"The six Spanish-speaking districts of Area 09 (20-25) meet together in an Interdistrict Meeting run by a Panel 76 service board (coordinator, secretary, treasurer). Each meeting is hosted by one district on a Sunday morning: registration and breakfast from 8:00 AM, workshop tables (""mesas de trabajo"") from 9:00 to 10:30 AM, then the business meeting - Serenity Prayer, the Third Legacy, introductions, minutes, correspondence, reports from each district and its committees, the Seventh Tradition and a basket for the La Viña anniversary, reports from Area 09 standing committees, officers, forums and convention liaisons, the service board and the workshop tables, and pending and new items - closing with the Responsibility Declaration. A DCM's new item goes straight to discussion and vote if it was discussed in the district and submitted in a letter signed and sealed by the district service board; a motion from the floor must be seconded by another DCM. A separate Hispanic intradistrict session holds the workshop tables, whose reports are read at the next Interdistrict Meeting.","Los seis distritos de habla hispana del Área 09 (20-25) se reúnen en una Junta Interdistrital dirigida por una mesa de servicio del Panel 76 (coordinador, secretario y tesorero). Cada junta la organiza un distrito anfitrión un domingo por la mañana: registro y desayuno desde las 8:00 a. m., mesas de trabajo de 9:00 a 10:30 a. m. y luego la junta - Oración de la Serenidad, Tercer Legado, presentaciones, acta, correspondencia, informes de cada distrito y sus comités, Séptima Tradición y canasta para el aniversario de La Viña, informes de los comités permanentes y oficiales del Área 09, foros y enlaces de convenciones, de la mesa de servicio y de las mesas de trabajo, y puntos pendientes y nuevos - y clausura con la Declaración de la Responsabilidad. Los puntos nuevos de un MCD pasan directo a discusión y votación si se discutieron en el distrito y se presentan por escrito en una carta sellada y firmada por la mesa de servicio del distrito; una moción en la junta debe ser secundada por otro MCD. Una sesión intradistrital hispana aparte trabaja las mesas, cuyos informes se leen en la siguiente Junta Interdistrital.",chair@msca09aa.org,,,The Inter-District Hispanic Chair has no service address of their own yet; chair@msca09aa.org reaches the Area Chair.,El Coordinador Interdistrital Hispano todavía no tiene un correo de servicio propio; chair@msca09aa.org llega al Coordinador del Área.,,,,,,,,,"A Sunday morning, hosted in turn by one of the six Spanish-speaking districts","Un domingo por la mañana, organizada por turno por uno de los seis distritos de habla hispana",Sunday,,,08:00,12:30,In person,,,,,,,,,,"Registration and breakfast from 8:00 AM, workshop tables from 9:00 to 10:30 AM, then the business meeting.","Registro y desayuno desde las 8:00 a. m., mesas de trabajo de 9:00 a 10:30 a. m. y luego la junta.",A separate Hispanic Intradistrict session works on the workshop tables; their reports are read at the next Inter-District Meeting.,Una sesión intradistrital hispana aparte trabaja las mesas de trabajo; sus informes se leen en la siguiente Junta Interdistrital.,,,,Not a district: this row describes the Inter-District Meeting shown on the Districts page. Workshop tables are in each Spanish district's interdistrict_table columns (2026 flyer). Calendar entries are matched by title (Interdistrict / Interdistrital / Intradistrict).
