key,label_en,label_es,icon,color,sort,description_en,description_es,aliases,expect_yearly,gap_email
# One row per shelf of the document library (/documents/). key = the web address /documents/<key>/ — never change a key once it is published. label_en / label_es = the shelf's name. sort = order on the page.,,,,,,,,,,
# icon = a Lucide icon name (https://lucide.dev/icons). color = ocean iris coral sun sage copper blush lilac sea (or any Tailwind colour name). aliases = other words that mean this shelf — the category written in data/documents/*.csv and Drive folder names (separate with ;).,,,,,,,,,,
# expect_yearly = yes when the shelf should have documents every year (minutes): a missing year then shows “not posted yet” with a link to write to gap_email.,,,,,,,,,,
minutes,Minutes,Actas,notebook-pen,ocean,10,"Approved minutes of the Area Committee (ASC) and the Area Assemblies (ASA), in English and Spanish.","Actas aprobadas del Comité de Servicio de Área (CSA) y de las Asambleas de Área (ASA), en inglés y en español.",minutes; minute; actas; acta; asc minutes; assembly minutes,yes,secretary@msca09aa.org
motions,Motions & agendas,Mociones y agendas,gavel,sun,20,"Motions, their background material and the agendas of Area meetings and Assemblies.","Mociones, su material de referencia y las agendas de las reuniones y Asambleas del Área.",motions; motion; agendas; agenda; mociones; mocion,,
reports,Reports,Informes,clipboard-list,iris,30,"Reports from Area officers, standing committees and districts to the Area Committee and the Assembly.","Informes de los oficiales del Área, de los comités permanentes y de los distritos al Comité de Servicio de Área (CSA) y a la Asamblea.",reports; report; informes; informe,,
conference,Delegate & Conference,Delegado y Conferencia,mic,coral,40,"Delegate's reports, General Service Conference agenda items and background, sharing sessions and round-ups.","Informes del delegado, temas de la agenda de la Conferencia de Servicios Generales, sesiones de compartimiento y resúmenes.",conference; delegate; gsc; conferencia; delegado; general service conference,,
finances,Finances,Finanzas,piggy-bank,sage,50,"Treasurer's reports, budgets, statements of activity and Seventh Tradition material.","Informes del tesorero, presupuestos, estados de actividades y material sobre la Séptima Tradición.",finances; finance; financial; treasurer; treasurer ap; treasurer ar; budget; contributions; contribution; finanzas; tesorero,,
guidelines,Guidelines & bylaws,Guías y estatutos,book-marked,lilac,60,"The Area Guidelines for Structure and Procedure, the Bylaws and the guidelines of each committee.","Las Guías de Estructura y Procedimiento del Área, los Estatutos y las guías de cada comité.",guidelines; guideline; bylaws; committee guidelines; guias; guía; guias del comite; estatutos,,
newsletters,Newsletters,Boletines,newspaper,copper,70,"The Area's newsletters over the years, including the Spanish editions.","Los boletines del Área a lo largo de los años, incluidas las ediciones en español.",newsletters; newsletter; boletines; boletin,,
districts,District records,Registros de distrito,map,teal,80,"Minutes, reports, newsletters and guidelines from the Area's districts.","Actas, informes, boletines y guías de los distritos del Área.",district; districts; distritos; distrito; district records,,
workbooks,Workbooks,Cuadernos de trabajo,book-open-check,sea,90,Workshop and inventory workbooks and material from the GSR and DCM schools.,Cuadernos de talleres e inventarios y material de las escuelas de RSG y MCD.,workbooks; workbook; cuadernos,,
forms,Forms,Formularios,file-pen-line,blush,100,"Registration, group-information and other forms used in Area service.","Formularios de inscripción, de información de grupo y otros que se usan en el servicio del Área.",forms; form; formularios,,
flyers,Flyers,Volantes,image,rose,110,"Flyers for Area events, workshops and assemblies.","Volantes de eventos, talleres y asambleas del Área.",flyers; flyer; volantes; events; event flyers,,
history,Area history & maps,Historia del Área y mapas,landmark,copper,115,"How A.A. grew in Southern California and in Area 09: history pamphlets, the Area's chronicles, maps and atlases since 1973, and the background of the A.A. and GSR Preambles. Many come from the Area 09 Archives.","Cómo creció A.A. en el sur de California y en el Área 09: folletos de historia, las crónicas del Área, mapas y atlas desde 1973 y los antecedentes de los preámbulos de A.A. y del RSG. Muchos vienen de los Archivos Históricos del Área 09.",history; historia; area history; historia del area; maps; mapas; atlas; pamphlets; folletos,,
archives,Archives committee,Archivos Históricos,archive,amber,120,"Archives committee minutes and histories, including The Chronicles of Mid-Southern California Area 09.","Actas e historias del comité de Archivos Históricos, incluida la crónica del Área 09 del Medio Sur de California.",archives; archives committee; archivos; archivos historicos,,
praasa,PRAASA,PRAASA,globe,indigo,130,Material from the Pacific Region Alcoholics Anonymous Service Assembly.,Material de la Asamblea de Servicio de Alcohólicos Anónimos de la Región del Pacífico (PRAASA).,praasa,,
calendars,Calendars,Calendarios,calendar-days,sky,140,Approved Area calendars and the district service-meeting calendars.,Calendarios aprobados del Área y calendarios de las reuniones de servicio de los distritos.,calendars; calendar; calendarios,,
misc,Other documents,Otros documentos,folder-open,slate,150,"Everything else: service material, presentations, histories and one-off documents.","Todo lo demás: material de servicio, presentaciones, historias y documentos sueltos.",misc; other; others; miscellaneous; varios; otros,,
