key,label_en,label_es,group,group_en,group_es,color,icon,is_meeting,is_event,sort,description_en,description_es,default_language
"# One row per calendar Type: the word after MSCA09| on the first line of a Google Calendar entry. key must match it exactly. label_* = the chip text; group_* = the heading it is listed under in the calendar filters; sort = order.",,,,,,,,,,,,,
"# color: ocean iris coral sun sage copper blush lilac sea or any Tailwind colour name. icon: a name from lucide.dev/icons. is_meeting / is_event: yes or no. When both are yes a repeating entry counts as a meeting and a one-time entry as an event.",,,,,,,,,,,,,
"# default_language: English / Spanish / Bilingual. Used when an entry of this type has no Language: line or says English (Area meetings are interpreted into Spanish). Leave it empty to keep what the calendar says.",,,,,,,,,,,,,
Area,Area meeting,Reunión del Área,area,Area business,Asuntos del Área,coral,landmark,yes,no,10,"The Area's monthly business meeting on the second Sunday, open to every member.","La reunión mensual de asuntos del Área, el segundo domingo, abierta a todos los miembros.",Bilingual
Area Committee,Area Service Committee,Comité de Servicio de Área,area,Area business,Asuntos del Área,iris,users-round,yes,yes,20,"ASC: officers, committee chairs and DCMCs meet to carry out the Area's work. Hosted by a different district each time.","CSA: los oficiales, los coordinadores de comité y los CMCD se reúnen para llevar a cabo el trabajo del Área. Cada vez lo hospeda un distrito distinto.",Bilingual
Assembly,Assembly,Asamblea,area,Area business,Asuntos del Área,ocean,vote,yes,yes,30,"Area assemblies, where GSRs vote for their groups — including the Delegate's shareback and the elections.","Asambleas del Área, donde los RSG votan por sus grupos — incluidos el informe del delegado y las elecciones.",Bilingual
Conference,Conference,Conferencia,area,Area business,Asuntos del Área,indigo,presentation,no,yes,40,"The General Service Conference cycle: pre-conference sessions, mock conferences and the Conference itself.","El ciclo de la Conferencia de Servicios Generales: sesiones previas, conferencias de práctica y la Conferencia misma.",Bilingual
Foro,Foro,Foro,area,Area business,Asuntos del Área,orange,messages-square,no,yes,50,The Area's yearly Foro — a service gathering in Spanish and English.,El Foro anual del Área — un encuentro de servicio en español y en inglés.,Bilingual
Servathon,Servathon,Servathon,area,Area business,Asuntos del Área,rose,hand-heart,no,yes,60,"A day of service learning, sharing and fellowship for every member.","Un día de aprendizaje de servicio, compartimiento y compañerismo para todos los miembros.",Bilingual
District,District meeting,Reunión de distrito,meetings,Service meetings,Reuniones de servicio,sea,map-pinned,yes,no,110,"Monthly business meetings of the districts, where GSRs and DCMs share what their groups need.","Reuniones mensuales de los distritos, donde los RSG y los MCD comparten lo que necesitan sus grupos.",
Committee,Committee meeting,Reunión de comité,meetings,Service meetings,Reuniones de servicio,violet,users,yes,no,120,Standing committees of the Area meet to plan their service work. Everyone is welcome.,Los comités permanentes del Área se reúnen para planear su trabajo de servicio. Todos son bienvenidos.,
H&I,H&I meeting,Reunión de H&I,meetings,Service meetings,Reuniones de servicio,emerald,hospital,yes,no,130,"Hospitals & Institutions committees that carry the message into hospitals, treatment centers and correctional facilities.","Comités de Hospitales e Instituciones que llevan el mensaje a hospitales, centros de tratamiento e instituciones correccionales.",
Intergroup,Intergroup,Intergrupo,meetings,Service meetings,Reuniones de servicio,cyan,building-2,yes,no,140,Monthly meetings of the intergroups and central offices that serve the groups in our Area.,Reuniones mensuales de los intergrupos y oficinas centrales que sirven a los grupos de nuestra Área.,
Service School,Service school,Escuela de servicio,learning,Workshops & learning,Talleres y aprendizaje,sage,graduation-cap,yes,yes,210,"GSR school, the monthly service study and other classes on how A.A. service works.","La escuela de RSG, el estudio mensual de servicio y otras clases sobre cómo funciona el servicio en A.A.",
Workshop,Workshop,Taller,learning,Workshops & learning,Talleres y aprendizaje,sun,lightbulb,no,yes,220,"Workshops on the Steps, Traditions, Concepts, sponsorship and the service positions.","Talleres sobre los Pasos, las Tradiciones, los Conceptos, el apadrinamiento y los puestos de servicio.",
History,History & archives,Historia y archivos,learning,Workshops & learning,Talleres y aprendizaje,copper,scroll-text,no,yes,230,"Heritage days, archives open houses and talks on A.A. history.","Días del patrimonio, puertas abiertas de los Archivos Históricos y charlas sobre la historia de A.A.",
Convention,Convention,Convención,events,Events & gatherings,Eventos y convivencias,fuchsia,ticket,no,yes,310,"A.A. conventions and round-ups in Southern California and beyond.","Convenciones y encuentros de A.A. en el sur de California y más allá.",
Forum,Regional forum,Foro regional,events,Events & gatherings,Eventos y convivencias,blue,message-circle,no,yes,320,"Pacific Regional Forum, PRAASA and other regional service gatherings.","El Foro Regional del Pacífico, PRAASA y otros encuentros regionales de servicio.",
YPAA,Young people (YPAA),Jóvenes (YPAA),events,Events & gatherings,Eventos y convivencias,lime,sparkles,no,yes,330,Young people in A.A. — conferences and business meetings of the YPAA committees.,Jóvenes en A.A. — conferencias y reuniones de trabajo de los comités YPAA.,
Social,Social,Convivencia,events,Events & gatherings,Eventos y convivencias,blush,party-popper,no,yes,340,"Dinners, dances, picnics and other fellowship events.","Cenas, bailes, días de campo y otros eventos de compañerismo.",
Event,Event,Evento,events,Events & gatherings,Eventos y convivencias,lilac,star,no,yes,350,Other A.A. service events.,Otros eventos de servicio de A.A.,
Other,Other,Otro,events,Events & gatherings,Eventos y convivencias,slate,calendar,yes,yes,900,Calendar entries that do not name a type yet.,Entradas del calendario que todavía no indican un tipo.,
