page,sort,q_en,q_es,a_en,a_es,source,show
# Questions shown on /newcomers/ and /contribute/. Answers may use Markdown: **bold** and [link text](https://...). Quote A.A. literature word for word and say where it comes from. show = no hides a question.,,,,,,,
"# page = the page that shows the question (newcomers or contribute). sort = order on the page (smaller first). q_en / q_es = the question, a_en / a_es = the answer. source = where the answer comes from (for editors; not shown on the site).",,,,,,,
newcomers,10,Does it cost anything?,¿Cuesta algo?,"No. In A.A.'s own words: “A.A. costs nothing and is supported through member contributions, so there are no dues or fees for A.A. membership.” ([aa.org](https://www.aa.org/new-to-aa))","No. En palabras de A.A.: «AA no cuesta nada y cubre sus gastos a través de las contribuciones de sus miembros, por lo que no se pagan derechos de admisión ni cuotas para ser miembro de AA». ([aa.org](https://www.aa.org/es/new-to-aa))",https://www.aa.org/new-to-aa ; https://www.aa.org/es/new-to-aa,
newcomers,20,Do I have to talk or give my name?,¿Tengo que hablar o dar mi nombre?,"No. “You can just sit and listen and learn more about recovery, or you can share about your situation. It's completely up to you.” If the chair asks whether anyone is new, “it isn't mandatory to identify yourself.” ([aa.org](https://www.aa.org/information-about-meetings))","No. «Simplemente puede sentarse y escuchar y aprender más acerca de la recuperación, o puede compartir sobre su situación. Todo depende de usted». Si el coordinador pregunta si hay alguien nuevo, «no es obligatorio identificarse». ([aa.org](https://www.aa.org/es/information-about-meetings))",https://www.aa.org/new-to-aa ; https://www.aa.org/information-about-meetings (EN/ES),
newcomers,30,How do I know if I am an alcoholic?,¿Cómo sé si soy alcohólico?,"Only you can decide. aa.org puts it this way: “If you repeatedly drink more than you intend or want to, you may be an alcoholic.” Its [self-assessment](https://www.aa.org/self-assessment) can help you think it through. The only requirement for A.A. membership is a desire to stop drinking.","Solo tú puedes decidirlo. La [autoevaluación de aa.org](https://www.aa.org/es/self-assessment) puede ayudarte a pensarlo con calma. Como dice el Preámbulo: «El único requisito para ser miembro de A.A. es el deseo de dejar la bebida».",https://www.aa.org/what-is-aa ; A.A. Preamble SMF-92 / SMF-92SP,
newcomers,40,What is the difference between open and closed meetings?,¿Qué diferencia hay entre las reuniones abiertas y las cerradas?,"“Open meetings are available to anyone interested in Alcoholics Anonymous's program of recovery from alcoholism.” “Closed meetings are for A.A. members only or for those who have a drinking problem and ‘have a desire to stop drinking.’” If you think you may have a drinking problem, you are welcome at either. ([aa.org](https://www.aa.org/information-about-meetings))","«Las reuniones abiertas son para todos los que tienen un interés en el programa de recuperación del alcoholismo de Alcohólicos Anónimos». «Las reuniones cerradas son solamente para los miembros de AA o para aquellos que tienen un problema con la bebida y un deseo de “dejar de beber”». Si crees que tienes un problema con la bebida, eres bienvenido en las dos. ([aa.org](https://www.aa.org/es/information-about-meetings))",https://www.aa.org/information-about-meetings (EN/ES),
newcomers,50,Are there meetings in Spanish?,¿Hay reuniones en español?,"Yes. Six Spanish-speaking districts (20–25) serve Spanish-speaking A.A. groups across the whole Area, and Hispanic intergroup offices answer the phone in Spanish — see the offices marked **Español** on this page. aa.org is also available [in Spanish](https://www.aa.org/es).","Sí. Seis distritos de habla hispana (del 20 al 25) sirven a los grupos de A.A. de habla hispana en toda el Área, y las oficinas intergrupales hispanas contestan el teléfono en español: busca las oficinas marcadas **Español** en esta página. También puedes visitar [aa.org en español](https://www.aa.org/es).",area-knowledge.md §1 and §10; central-offices.csv,
newcomers,60,Can I go to a meeting online?,¿Puedo ir a una reunión en línea?,"Yes. The [Online Intergroup of A.A.](https://aa-intergroup.org/) lists online meetings around the world, around the clock, in many languages.","Sí. El [Intergrupo en Línea de A.A.](https://aa-intergroup.org/es/) tiene reuniones en línea en todo el mundo, a toda hora y en muchos idiomas.",https://aa-intergroup.org/,
newcomers,70,Is A.A. religious?,¿A.A. es religiosa?,"A.A. says of itself: “We are not allied with any group, cause or religious denomination.” ([What is A.A.?](https://www.aa.org/what-is-aa))","A.A. dice de sí misma: «No estamos aliados con ningún grupo, causa u organización religiosa». ([¿Qué es A.A.?](https://www.aa.org/es/what-is-aa))",https://www.aa.org/what-is-aa (EN/ES),
newcomers,80,Can a family member or friend come with me?,¿Puede acompañarme un familiar o un amigo?,"Yes, to an **open** meeting. “Nonalcoholics may attend open A.A. meetings as observers, but only those with a drinking problem may attend closed A.A. meetings.” (*Information on Alcoholics Anonymous*, F-2). For their own support, aa.org points family and friends to [Al-Anon Family Groups](https://al-anon.org).","Sí, a una reunión **abierta**. «Los no alcohólicos pueden asistir a las reuniones abiertas de AA como observadores, pero solo los que tienen un problema con la bebida pueden asistir a las reuniones cerradas de AA». (*Información sobre Alcohólicos Anónimos*, SF-2). Para su propio apoyo, aa.org remite a familiares y amigos a los [Grupos de Familia Al-Anon](https://al-anon.org/es/).",F-2 / SF-2 ; https://www.aa.org/aa-family-friend,
newcomers,90,I was sent by a court or a treatment program. Am I welcome?,Me envió un tribunal o un programa de tratamiento. ¿Soy bienvenido?,"Yes. A.A. literature says: “We cannot discriminate against any prospective A.A. member, even if he or she comes to us under pressure from a court, an employer, or any other agency.” Signing attendance slips is up to each group: “Each group is autonomous and has the right to choose whether or not to sign court slips.” (*Information on Alcoholics Anonymous*, F-2)","Sí. La literatura de A.A. dice: «No podemos discriminar en contra de ningún posible miembro de AA, incluso en el caso de que dicha persona, hombre o mujer, se una a nosotros presionada por un juzgado, por un patrón o por cualquier otra entidad». Firmar las hojas de asistencia depende de cada grupo: «Cada grupo es autónomo y tiene el derecho de elegir si quiere o no firmar los papeles de los tribunales». (*Información sobre Alcohólicos Anónimos*, SF-2)",F-2 / SF-2,
newcomers,100,What is a sponsor?,¿Qué es un padrino o una madrina?,"A more experienced member who helps a newer one. A.A. members “give person-to-person service or ‘sponsorship’ to the alcoholic coming to A.A. from any source” (F-2). Read more in [Questions & Answers on Sponsorship](https://www.aa.org/questions-and-answers-sponsorship).","Un miembro con más experiencia que ayuda a uno más nuevo. Los miembros de A.A. «dan servicio de persona a persona o “apadrinan” al alcohólico que llega a AA, sin importar su procedencia» (SF-2). Lee más en [Preguntas y respuestas sobre el apadrinamiento](https://www.aa.org/es/preguntas-y-respuestas-sobre-el-apadrinamiento).",F-2 / SF-2 ; https://www.aa.org/questions-and-answers-sponsorship,
newcomers,110,Does Area 09 run meetings or keep a meeting list?,¿El Área 09 organiza reuniones o tiene una lista de reuniones?,"No. Area 09 is the general-service body for the A.A. groups in our part of Southern California — it does not run recovery meetings or keep a meeting list. The local central offices and intergroups keep the meeting lists; the free Meeting Guide app shows them on your phone.","No. El Área 09 es la entidad de servicios generales de los grupos de A.A. en nuestra parte del sur de California: no organiza reuniones de recuperación ni tiene una lista de reuniones. Las oficinas centrales e intergrupos locales tienen las listas de reuniones, y la aplicación gratuita Meeting Guide las muestra en tu teléfono.",Old msca09aa.org Meeting Guide page: “The MSCA website does not maintain local meeting information.”,
contribute,10,Who can contribute?,¿Quién puede contribuir?,"Only A.A. groups, members and other A.A. service bodies. The Area Guidelines say Area 09 “accepts donations only from A.A. sources (primarily, but not exclusively A.A. Groups, meetings, and individuals)” and “shall not promote nor carry out any fund-raising activity of any description.”","Solo grupos, miembros y otras entidades de servicio de A.A. Según las Guías del Área, el Área 09 acepta donaciones únicamente de fuentes de A.A. (principalmente, aunque no solo, de grupos, reuniones y miembros de A.A.) y no promueve ni realiza actividades de recaudación de fondos de ningún tipo.",Area Guidelines Rev. P Art. I.F,
contribute,20,How much should we send?,¿Cuánto debemos enviar?,"There is no set amount. As aa.org says, “The amount of the contribution is secondary to the spiritual connection that unites all groups around the world.” Once its own expenses are met, each group decides through its group conscience how to support its district, the Area, its central office and G.S.O.","No hay una cantidad fija. Como dice aa.org: «El monto de la contribución es menos importante que la conexión espiritual que une a los grupos de todo el mundo». Una vez cubiertos sus propios gastos, cada grupo decide por medio de su conciencia de grupo cómo apoyar a su distrito, al Área, a su oficina central y a la OSG.",https://www.aa.org/aa-contributions-self-support,
contribute,30,We don't know our group's G.S.O. number.,No sabemos el número OSG de nuestro grupo.,"Write the Area Registrar at [registrar@msca09aa.org](mailto:registrar@msca09aa.org) or ask at an Area meeting. If your group is not registered with G.S.O., give as much as you can — group name, meeting day and time, location and district number — so the Treasurer can find it or add it.","Escribe al Registrador del Área a [registrar@msca09aa.org](mailto:registrar@msca09aa.org) o pregunta en una reunión del Área. Si tu grupo no está registrado en la OSG, da todos los datos posibles —nombre del grupo, día y hora de la reunión, lugar y número de distrito— para que el Tesorero pueda encontrarlo o añadirlo.",msca09aa.org/contribute (2026-09-02); 7th Tradition flyer 2026-06-18,
contribute,40,Can I give by credit card or PayPal?,¿Puedo contribuir con tarjeta de crédito o PayPal?,"No. The Area's online option is **Zelle** only. The old card and PayPal form on the previous website is no longer used — please don't use it, even if you find an old link.","No. La única opción en línea del Área es **Zelle**. El antiguo formulario de tarjeta y PayPal del sitio web anterior ya no se usa: por favor no lo utilices aunque encuentres un enlace antiguo.",Treasurer A/P report June 2026 (PayPal closed out),
contribute,50,How do I make a birthday contribution?,¿Cómo hago una contribución de aniversario?,"Send it the same way as any other contribution and add a note with the birthday person's name, city and years of sobriety, as the Area has asked.","Envíala igual que cualquier otra contribución y añade una nota con el nombre de la persona que cumple años, su ciudad y sus años de sobriedad, como lo ha pedido el Área.",msca09aa.org/contribute (2026-09-02),
contribute,60,Is there a limit?,¿Hay un límite?,"For contributions to the **General Service Office**, an individual member may give up to $7,500 a year; there is no limit for groups ([aa.org](https://www.aa.org/aa-contributions-self-support)). Questions about contributions to the Area go to the Treasurer A/R at [treasurerar@msca09aa.org](mailto:treasurerar@msca09aa.org).","Para las contribuciones a la **Oficina de Servicios Generales**, un miembro puede dar hasta 7,500 dólares al año; no hay límite para los grupos ([aa.org](https://www.aa.org/es/aa-contributions-self-support)). Las preguntas sobre contribuciones al Área se dirigen al Tesorero A/R: [treasurerar@msca09aa.org](mailto:treasurerar@msca09aa.org).",https://www.aa.org/aa-contributions-self-support,
contribute,70,Will I get an acknowledgement?,¿Recibiré un acuse de recibo?,"Acknowledging contributions is one of the Treasurer A/R's duties under the Area Guidelines. If you have a question about one you sent, write [treasurerar@msca09aa.org](mailto:treasurerar@msca09aa.org).","Acusar recibo de las contribuciones es una de las funciones del Tesorero A/R según las Guías del Área. Si tienes alguna pregunta sobre una contribución que enviaste, escribe a [treasurerar@msca09aa.org](mailto:treasurerar@msca09aa.org).",Area Guidelines Rev. P (Treasurer/AR: “Makes acknowledgement of income to donors.”),
contribute,80,What does the Area spend it on?,¿En qué gasta el Área las contribuciones?,"Mostly on carrying the message through service. For example, from January to March 2026 the Area received $34,205.33 in contributions and spent $32,228.60:

- Area meetings (venues, interpreters, lunch, sound, the Pre-Conference workshop and the Foro): $11,944.20
- Area office rent and copier: $5,915.88
- Contributions toward the General Service Conference: $3,200.00
- Area committees, including the website: $2,997.40
- Delegate and Alternate Delegate at PRAASA: $2,081.70
- Insurance: $1,958.00
- Officers' expenses: $1,033.69
- The Irvine P.O. Box: $376.00

Full finance reports are posted with the Area's documents.","Sobre todo en llevar el mensaje por medio del servicio. Por ejemplo, de enero a marzo de 2026 el Área recibió 34,205.33 dólares en contribuciones y gastó 32,228.60:

- Reuniones del Área (locales, intérpretes, almuerzo, sonido, el taller de Pre-Conferencia y el Foro): 11,944.20
- Renta de la oficina del Área y copiadora: 5,915.88
- Contribuciones para la Conferencia de Servicios Generales: 3,200.00
- Comités del Área, incluido el sitio web: 2,997.40
- Delegado y Delegado Alterno en PRAASA: 2,081.70
- Seguros: 1,958.00
- Gastos de los oficiales: 1,033.69
- El apartado postal de Irvine: 376.00

Los informes financieros completos se publican con los documentos del Área.",Q1 2026 Profit & Loss report (msca09aa.org/wp-content/uploads/2026/06/Profit-Loss-Report_Q1-2026_EN-SP.pdf),
contribute,90,Can we send money to Grapevine or La Viña?,¿Podemos enviar contribuciones a Grapevine o La Viña?,"No — Grapevine and La Viña do not accept contributions. They are supported by subscriptions and sales, so the best way to support them is to subscribe or buy their books.","No: Grapevine y La Viña no aceptan contribuciones. Se sostienen con suscripciones y ventas, así que la mejor forma de apoyarlas es suscribirse o comprar sus libros.",https://www.aa.org/aa-grapevine-la-vina,
