drive_id,reason,held_on,notes
"# Google Drive files (flyer images and PDFs) that the website must NOT show, because they print a member's personal phone number or e-mail (Tradition Eleven). Any IMG: or Link: line in Google Calendar that points to one of these ids is left out of every page, events.json and the .ics files.",,,
"# To release a file: in Google Drive open it, choose Manage versions > Upload new version with the personal details removed (the id stays the same), then delete its row here. node scripts/check-calendar.mjs lists the held files that the calendar still uses.",,,
# Columns: drive_id = the long id in the Drive link; reason = what the file shows (never write the details themselves); held_on = date the hold started (YYYY-MM-DD); notes = where the file is used.,,,
166P9lLiZIex3NBGPWJ82gxPVLeec5n9K,personal phone number,2026-10-06,flyer image – 11th Hispanic Woman’s Workshop (2026-12-12)
1rSaI6S1cwsjWnamK65ux2o3UJHeoz1I9,personal phone number,2026-10-06,flyer image – 11th Hispanic Woman’s Workshop (2026-12-12)
1YSx35P_uXredCRLfS4O9AQAB3--4QHaR,personal phone number,2026-10-06,flyer image – Annual SoCal H&I Intergroup Dinner (2026-10-25)
1sYatc99Ay36jNaddTUjbSNgtd388j73H,personal phone number,2026-10-06,flyer image – Soberfest / Alcoholic Family Feud (2026-10-02)
1dKeVTdwIdATMLgif-T-bmZzr8LAlx7qL,personal phone number,2026-10-06,flyer image – Grapevine Writer’s Workshop (2026-09-19)
1jsdALEYlKEiW7O-xpmazjGHemKNQxP1u,personal phone number,2026-10-06,flyer image – PSR 2026 PI Forum (2026-08-27)
1-Y2ATkY2EMcTYMErjJukcxEz7fHpovcK,personal phone number,2026-10-06,flyer image – ROCYPAA Business Meeting (2026-08-23)
1kCNwberpk5RzxFYVrWqVZXjwCE3xyRf9,personal phone number,2026-10-06,flyer image – District 6 – One Love Reggae Summer Event (2026-08-22)
1T457N4rSkJx2DDyVtje_gnWLe4zTs4gF,personal phone number,2026-10-06,flyer image – District 6 – One Love Reggae Summer Event (2026-08-22)
1lbk5-2kmhMW-lP8AqFcOXgtvgJRr8j6y,free-mail contact address,2026-10-06,linked PDF – Service Study (2026-01-15)
1AEfK7LcyQ334-kuIJ-q3ICeMEIH2K2tY,personal phone number,2026-10-06,flyer image – Secretary Treasurer Workshop (2025-11-02)
1Li-uOG8KCarBZwCIU7a53UMZPBWSMRlO,personal phone number,2026-10-06,flyer image – Secretary Treasurer Workshop (2025-11-02)
1DXsUN8C3kyTLpaaRT6SrtxmjeKwJBWqv,personal phone number,2026-10-06,flyer image – XXIX Aniversario de LaVina (2025-07-25)
1TUlJ2oNlb7XiaVAk-jS_JZu8Phdha4r-,personal phone number,2026-10-06,flyer image – ACYPAA Gone Wild Scavenger Hunt (2025-06-28)
1aaC6zSEukR7B6fFxXRPzX-y-sf15VMNT,personal phone number,2026-10-06,flyer image – 4 Area DCM Sharing Session (2025-06-14)
1ogLUuzijpyTu_oYksL_bWFWic2LW61Wa,personal phone number,2026-10-06,flyer image – 4 Area DCM Sharing Session (2025-06-14)
15i08xNjL4AVzK5HGa63ND8_1m-bgWX0G,personal phone number,2026-10-06,flyer image – 42nd Annual Southern California H&I Conference (2025-05-16)
1hx3FDcV8dWmbMLwyP-QgfFVhbwg6LH7Y,personal phone number,2026-10-06,flyer image – 42nd Annual Southern California H&I Conference (2025-05-16)
1iiSMwNyNWPWSoNtYciDNv0CoB0maShE3,personal phone number,2026-10-06,linked PDF – 42nd Annual Southern California H&I Conference (2025-05-16)
1jChpNIQN0NED8FanrEjM1ZC26FsNo8t7,personal phone number,2026-10-06,flyer image and linked PDF – 42nd Annual Southern California H&I Conference (2025-05-16)
1DFsn6AHZUw9NMgsYxOLuj5nnH4XGPO-M,personal phone number,2026-10-06,flyer image – Last Pre Conference Sharing Session (2025-04-17)
1YYMDbFQ28FZz3dQDwP8uI2yepZprGUC7,personal phone number,2026-10-06,flyer image – Area 09 Pre-Conference Mock Conference (2025-04-13)
1ir1d6ZnltLJjiqptjz7EBInRLpHViUo1,personal phone number,2026-10-06,flyer image – GSR Group Conscience Workshop – Virtual ONLY (2025-04-12)
1XVeFHtkFBNVwhmDkx-NPZwqPTvWgKNvM,personal phone number,2026-10-06,"flyer image – Panel 75 Conferencia De Servicios Generales: “Trabajando Juntos, Aumentando La Confianza.” (2025-04-12)"
1O5daf78X1D1okrlciIn4xxXJapfE4PJp,personal phone number,2026-10-06,flyer image – Spanish InterDistrict Pre Conference – Hosted by D21 (2025-03-30)
1BccM1ri3OSnZu8PsO1nnOAyzrTocaxG5,personal phone number,2026-10-06,flyer image – Pre-Conference Sharing Session and “Mock Conference” Prep at the Area Meeting (2025-03-16)
1GCrhij0iNZ1cYr3Dk2Ypaa4Xr9MCUFi0,personal phone number,2026-10-06,flyer image and linked PDF – Delegate Report Back to Area 09 (2024-05-19)
1_2c33uXBIFbemha3Z7rCibI8iClJ7QqZ,personal phone number,2026-10-06,flyer image – Pre-Conference Mock General Service Conference Apr 6th-online | Apr 7th-hybrid (2024-04-06)
11-Muqx1lMy6yILI-lOppwe5uIpeQf7cT,personal phone number,2026-10-06,flyer image – Pre-Conference Mock General Service Conference Apr 6th-online | Apr 7th-hybrid (2024-04-06)
1Gv0IfK55Gab6O97pdCFnFcmBcwa9m9Zy,personal phone number,2026-10-06,flyer image – Pre-Conference Mock General Service Conference Apr 6th-online | Apr 7th-hybrid (2024-04-06)
1NTjxGsReJnPHPb11vjYJFK75j-mlLGCF,personal phone number,2026-10-06,flyer image – Pre-Conference Mock General Service Conference Apr 6th-online | Apr 7th-hybrid (2024-04-06)
17Dl1Gn7WiPrsUuPWbjX4ln6VaJlI03nx,personal phone number,2026-10-06,flyer image – Grapevine and La Vina Agenda Item Review & Feedback (2024-03-17)
1Lx_duyJTL8vvw2KqCrBDp1fXZm0P2AIr,personal phone number,2026-10-06,flyer image – Grapevine and La Vina Agenda Item Review & Feedback (2024-03-17)
1nPMCYw8GMxRPep5LzbCEPeU2o1Pry8KT,personal phone number,2026-10-06,flyer image and linked PDF – Grapevine and La Vina Agenda Item Review & Feedback (2024-03-17)
1RtTC16CjTjvYsXreyDaOj1TKZl41w536,personal phone number,2026-10-06,flyer image and linked PDF – Grapevine and La Vina Agenda Item Review & Feedback (2024-03-17)
12Y88vFpNuzNCWBn0T5kZ8Lm694ssgjEc,personal phone number,2026-10-06,flyer image – MSCA 09 Panel 74 Officer Orientation (2024-02-11)
1FYx9WP6ZSYoMgJNxQX8gkMXBpM0wbGtC,personal phone number,2026-10-06,flyer image – MSCA 09 Panel 74 Officer Orientation (2024-02-11)
1vPz9998xYcuINx_GXAdjkktPL_IQxOoT,personal phone number,2026-10-06,flyer image and linked PDF – MSCA 09 Panel 74 Officer Orientation (2024-02-11)
1YyTbJ__cYp_H09inrT0wzfP6wWYrC9fX,personal phone number,2026-10-06,flyer image – MSCA 09 Panel 74 Officer Orientation (2024-02-11)
190FxizSdUKhAhlJ64XShrdPqz99B4jjj,personal phone number,2026-10-06,flyer image and linked PDF – 4 Area DCM Sharing Session (2023-08-26)
1pTTuYzNc2TrB_YnyXVSwQUumbZjnrHkV,personal phone number,2026-10-06,flyer image – 4 Area DCM Sharing Session (2023-08-26)
1qsGMXdcEXTK83TQ3MWjsAc4DNU_vYMxB,personal phone number,2026-10-06,flyer image and linked PDF – 4 Area DCM Sharing Session (2023-08-26)
1xa27aveEasEmLdxfj-KKx9wSlUY5qtl2,personal phone number,2026-10-06,flyer image – Foro (2023-07-09)
12L9S5beTXXobQIPU2Od1j-s2_tJkn4Al,personal phone number + free-mail contact address,2026-10-06,flyer image and linked PDF – MSCA 09 Area Assembly – Delegate Shareback (2023-05-21)
1U2LlTRcIQXEuWB3l1HgsCeTIhguH4AON,personal phone number,2026-10-06,flyer image – MSCA 09 Area Assembly – Delegate Shareback (2023-05-21)
1lak5V7TK29rp0mECpBRm1TzfHeNA-T7F,personal phone number,2026-10-06,flyer image – District 17: Pre-Conference Workshop (2023-04-01)
1zlAxTr1KgRWF8Oj8AKXkof-ZQoSwLREt,personal phone number,2026-10-06,flyer image – ASC Sharing Session Jan 19th (2023-01-19)
1jg-arCRzGYxs9PNcDyj7uzllbRDtaeYq,personal phone number,2026-10-06,flyer image – 7mo Taller de Mujeres Hispanas en AA (2022-12-03)
1npQ2_cMLDAS9vKAe0dXrU6Ny7l5Uw8fE,personal phone number,2026-10-06,flyer image – SERVATHON of 2022 (2022-11-12)
1cB9RGE8LprHpQsOYa_BqaVPqnhd96n3-,personal phone number,2026-10-06,flyer image and linked PDF – 26 Anniversary Committee of La Vina – Select the Logo & Theme Event (2021-12-18)
1F72M0YRFhGePeBy7WOurd7l3WztlUNIx,personal phone number,2026-10-06,flyer image and linked PDF – 26 Anniversary Committee of La Vina – Select the Logo & Theme Event (2021-12-18)
16YvgRk_ITGbeIgeLSlkg9cuNzeWtp3-Q,personal phone number + free-mail contact address,2026-10-06,flyer image and linked PDF – Area 09 Servathon (Hybrid) (2021-11-13)
1V6T4aupxdOXv6NJ7cmLSbPn3KAKnIt0-,personal phone number + free-mail contact address,2026-10-06,flyer image and linked PDF – Area 09 Servathon (Hybrid) (2021-11-13)
1tW4POkyj1QT0nbOXgNx9dvRYVMgh4Tkt,personal phone number,2026-10-06,flyer image – Big Morongo Bonanza (2021-04-24)
1B30RKbHRIT52Ud5IGjj7ANPIy6f2cI_a,personal e-mail,2026-10-06,linked PDF – Pacific Region A.A. Service Assembly (PRAASA) (2021-03-05)
1qkzzZLlgQumMTZPwMCS80BZiks0dC2Cv,personal phone number + free-mail contact address,2026-10-06,flyer image and linked PDF – Pacific Region A.A. Service Assembly (PRAASA) (2021-03-05)
1Vfc2TE_CH4wkBvBt3Qbioj7lEUcGARWY,personal e-mail,2026-10-06,linked PDF – Pacific Region A.A. Service Assembly (PRAASA) (2021-03-05)
1sZZqP4hHeXFf2znX9cM1ihn9c_dVwxeJ,personal e-mail,2026-10-06,flyer image and linked PDF – The Mysterious Concepts (2021-01-30)
1rDXPhV2tFH1OaPQ-GWRMfB9IrLZYRJGE,personal phone number,2026-10-06,flyer image – East Valley Intergroup New Years Alcathon (2020-12-31)
