term_en,term_es,abbr_en,abbr_es,category,definition_en,definition_es,url,notes
# HOW TO EDIT: one row per term. category = group | district | area | conference | board | meeting | money | other. Spanish follows the A.A. Service Manual (SBM-31) and the Area's Spanish Guidelines.,,,,,,,,
A.A. group,grupo de A.A.,,,group,"Two or more alcoholics who meet to stay sober and help others, with no other affiliation. There are no dues or fees. The group is the foundation of the whole service structure.","Dos o más alcohólicos que se reúnen para mantenerse sobrios y ayudar a otros, sin ninguna otra afiliación. No hay cuotas ni honorarios. El grupo es la base de toda la estructura de servicio.",https://www.aa.org/the-aa-group,
home group,grupo base,,,group,The group a member chooses to belong to and where they take part in the group conscience.,El grupo al que un miembro decide pertenecer y donde participa en la conciencia de grupo.,,
group conscience,conciencia de grupo,,,group,"The collective voice of a group, reached after members have heard the facts and each other — an “informed” group conscience.","La voz colectiva de un grupo, a la que se llega después de que los miembros han escuchado la información y unos a otros: una conciencia de grupo «informada».",,
General Service Representative,Representante de Servicios Generales,GSR,RSG,group,"Elected by a group, usually for two years, to carry its conscience to the district and the Area and to bring news of A.A. as a whole back to the group. GSRs vote at Area Assemblies.","Elegido por un grupo, normalmente por dos años, para llevar su conciencia al distrito y al Área y traer al grupo las noticias de A.A. en su totalidad. Los RSG votan en las Asambleas del Área.",https://www.aa.org/gsr-general-service-representative,
alternate GSR,RSG suplente,,,group,Supports the GSR and stands in when the GSR cannot attend. Alternates vote only in the GSR's absence.,Apoya al RSG y lo reemplaza cuando no puede asistir. El suplente vota solo en ausencia del RSG.,,
District Committee Member,Miembro del Comité de Distrito,DCM,MCD,district,Elected by the GSRs of a district (or sub-district). The vital link between the groups' GSRs and the Area service structure.,Elegido por los RSG de un distrito (o subdistrito). Es el vínculo vital entre los RSG de los grupos y la estructura de servicio del Área.,https://www.aa.org/your-dcm-district-committee-member,
District Committee Member Chair,Coordinador(a) de Miembros de Comité de Distrito,DCMC,CMCD,district,"In larger districts with sub-districts, the DCMC chairs the district committee and represents the district on the Area Service Committee. Each district has a role address such as d05dcmc@msca09aa.org.","En los distritos grandes con subdistritos, el CMCD coordina el comité de distrito y lo representa en el Comité de Servicio de Área. Cada distrito tiene una dirección de servicio, por ejemplo d05dcmc@msca09aa.org.",,
district,distrito,,,district,A group of A.A. groups in one geographic area (or sharing a language) whose GSRs meet regularly. Area 09 has 16 English-speaking and 6 Spanish-speaking districts.,Un conjunto de grupos de A.A. de una zona geográfica (o que comparten un idioma) cuyos RSG se reúnen con regularidad. El Área 09 tiene 16 distritos de habla inglesa y 6 de habla hispana.,/districts/,
linguistic district,distrito lingüístico,,,district,"A district made up of groups that meet in a language other than English. Its boundaries can overlap the geographic districts — in Area 09, Districts 20 to 25 serve the Spanish-speaking groups.","Un distrito formado por grupos que se reúnen en un idioma distinto del inglés. Sus límites pueden traslaparse con los distritos geográficos; en el Área 09, los Distritos 20 a 25 sirven a los grupos de habla hispana.",,
Area,Área,,,area,One of 93 areas in the U.S. and Canada. Each sends one Delegate to the General Service Conference. Area 09 is in the Pacific Region.,Una de las 93 áreas de EE. UU. y Canadá. Cada una envía un(a) delegado(a) a la Conferencia de Servicios Generales. El Área 09 pertenece a la Región del Pacífico.,/about/,
Area Service Assembly,Asamblea de Servicio de Área,ASA,ASA,area,"The gathering of GSRs, district and Area officers and committee chairs that elects the Area officers and decides Area business. It meets at least three times a year (January, May and September in Area 09).","La reunión de RSG, oficiales de distrito y del Área y coordinadores de comité que elige a los oficiales del Área y decide los asuntos del Área. Se reúne al menos tres veces al año (enero, mayo y septiembre en el Área 09).",/service/area-meetings/,
Area Service Committee,Comité de Servicio de Área,ASC,CSA,area,"Officers, DCMCs, DCMs, past Delegates and committee chairs who meet between Assemblies to discuss problems, gather the districts' conscience, advise the Delegate and set the next Assembly's agenda. GSRs are encouraged to attend but do not vote.","Oficiales, CMCD, MCD, delegados pasados y coordinadores de comité que se reúnen entre Asambleas para tratar problemas, recoger la conciencia de los distritos, aconsejar al Delegado(a) y preparar la agenda de la próxima Asamblea. Se anima a los RSG a asistir, pero no votan.",/service/area-meetings/,
Executive Committee,Comité Ejecutivo,,,area,"The seven Area officers, chaired by the Area Chair.","Los siete oficiales del Área, presididos por el/la Coordinador(a) del Área.",,
Area officers,oficiales del Área,,,area,"Delegate, Alternate Delegate, Chair, Secretary, Treasurer/AP, Treasurer/AR and Registrar — elected by the Third Legacy Procedure for a two-year panel.","Delegado(a), Delegado(a) Alterno(a), Coordinador(a), Secretario(a), Tesorero(a)/AP, Tesorero(a)/AR y Registrador(a), elegidos por el Procedimiento del Tercer Legado para un panel de dos años.",/about/panel/,
Delegate,Delegado(a),,,area,"Carries the Area's conscience to the General Service Conference, votes there as a member of the Conference for the good of A.A. as a whole, and reports back to the Area.","Lleva la conciencia del Área a la Conferencia de Servicios Generales, vota allí como miembro de la Conferencia por el bien de A.A. en su totalidad y luego informa al Área.",/service/delegate/,
Alternate Delegate,Delegado(a) Alterno(a),,,area,"Supports the Delegate, stands in when needed, and organizes the Pre-Conference, FORO and Servathon.","Apoya al Delegado(a), lo reemplaza cuando hace falta y organiza la Pre-Conferencia, el FORO y el Servathon.",,
panel,panel,,,area,The two-year term of an Area's officers and Delegate. Area 09's Panel {panel} serves {years}.,El periodo de dos años de los oficiales y del Delegado(a) de un Área. El Panel {panel} del Área 09 sirve en {years}.,,
trusted servant,servidor(a) de confianza,,,area,Anyone who holds a service position. “Our leaders are but trusted servants; they do not govern.” (Tradition Two),Toda persona que tiene un puesto de servicio. «Nuestros líderes no son más que servidores de confianza; no gobiernan». (Segunda Tradición),,
rotation,rotación,,,area,"Trusted servants serve a set term and then step aside, so others can serve and no one becomes indispensable.","Los servidores de confianza sirven por un tiempo fijo y luego ceden el lugar, para que otros puedan servir y nadie sea indispensable.",,
standing committee,comité permanente,,,area,"An Area committee that carries out an ongoing service, such as Public Information, Archives or Literature. Area 09 has 19.","Un comité del Área que realiza un servicio continuo, como Información Pública, Archivos Históricos o Literatura. El Área 09 tiene 19.",/committees/,
coordinate committee,comité coordinado,,,area,"An autonomous service body that works with the Area, such as intergroups/central offices and Hospitals & Institutions.","Una entidad de servicio autónoma que colabora con el Área, como los intergrupos u oficinas centrales y Hospitales e Instituciones.",,
motion,moción,,,meeting,"A formal proposal for the body to decide. In Area 09 a motion is usually introduced as new business at one meeting, discussed by the groups, and voted on at a later meeting.","Una propuesta formal para que el cuerpo decida. En el Área 09 una moción suele presentarse como asunto nuevo en una reunión, se comenta en los grupos y se vota en una reunión posterior.",/service/motions/,
new business,asuntos nuevos,,,meeting,Motions and topics brought to the Area for the first time.,Mociones y temas que se presentan al Área por primera vez.,/service/motions/,
old business,asuntos pendientes,,,meeting,"Motions and topics carried over from an earlier meeting, usually ready for discussion and a vote.","Mociones y temas que vienen de una reunión anterior, por lo general listos para discutirse y votarse.",/service/motions/,
minority opinion,opinión de la minoría,,,meeting,"After a vote, those on the losing side may be heard. If what they say changes minds, the body may vote to reconsider.","Después de una votación, quienes quedaron en minoría pueden hablar. Si lo que dicen cambia opiniones, el cuerpo puede votar para reconsiderar.",,
substantial unanimity,unanimidad sustancial,,,meeting,"A two-thirds majority. Area 09 uses it for long-term policy, contracts and the annual budget; most other business passes by simple majority.","Una mayoría de dos tercios. El Área 09 la usa para la política a largo plazo, los contratos y el presupuesto anual; la mayoría de los demás asuntos se aprueba por mayoría simple.",,
members in good standing,miembros en regla,,,meeting,Voting members who have attended at least one Assembly or ASC in the previous 12 months.,Miembros con voto que han asistido al menos a una Asamblea o reunión del CSA en los 12 meses anteriores.,,
Third Legacy Procedure,Procedimiento del Tercer Legado,,,meeting,"A.A.'s own election method: written ballots until someone has two-thirds, with candidates withdrawn after set rounds and, if needed, a choice by lot (“going to the hat”).","El método propio de elección de A.A.: votaciones por escrito hasta que alguien obtiene dos tercios, con retiro de candidatos después de ciertas rondas y, si hace falta, un sorteo («ir al sombrero»).",/about/structure/#third-legacy,
Pre-Conference,Pre-Conferencia,,,conference,"Each spring GSRs and DCMs bring their groups' conscience on the Conference agenda to the Delegate — at district boot camps, a Spanish inter-district meeting and the Area's mock conference.","Cada primavera los RSG y MCD llevan al Delegado(a) la conciencia de sus grupos sobre la agenda de la Conferencia, en los bootcamps de distrito, una reunión interdistrital en español y la conferencia simulada del Área.",/service/delegate/#pre-conference,
Delegate's shareback,Compartimiento del Delegado,,,conference,"The Delegate's report to the Area after the Conference, at the May Assembly and then at district report-backs.","El informe del Delegado(a) al Área después de la Conferencia, en la Asamblea de mayo y luego en los informes a los distritos.",/service/delegate/,
FORO,FORO,,,meeting,"A summer Area service event on general service topics, started in 1992 by the Spanish-speaking districts. Bilingual today.","Un evento de servicio del Área en verano sobre temas de servicios generales, iniciado en 1992 por los distritos de habla hispana. Hoy es bilingüe.",,
Servathon,Servathon,,,meeting,A fall Area event that focuses on one or more of the Twelve Traditions and on every kind of A.A. service. The first was held in 1973.,Un evento del Área en otoño dedicado a una o más de las Doce Tradiciones y a todo tipo de servicio en A.A. El primero se realizó en 1973.,,"Same name in Spanish, as on the Area calendar (sometimes written Servatón)."
Heritage Day,Día de la Herencia,,,meeting,"An annual Archives Committee event, held in the fall and hosted by an Area 09 district: a panel of longtime members shares what it was like when they got sober and how service helped keep them sober. The talks are recorded as oral histories. Some districts also hold Heritage Days of their own.","Evento anual del Comité de Archivos Históricos, que se celebra en otoño y lo organiza un distrito del Área 09: un panel de miembros veteranos comparte cómo era cuando lograron la sobriedad y cómo el servicio les ayudó a mantenerse sobrios. Las charlas se graban como historias orales. Algunos distritos también celebran su propio Día de la Herencia.",/committees/archives/,Source: msca09aa-archives.org (Heritage Day Recordings; About page)
Archives Open House,Casa Abierta de los Archivos,,,meeting,"A yearly spring day at the Area 09 Archives repository in Riverside that introduces members to the Archives, with exhibits and a presentation on A.A. history. It marks the anniversary of the move into the first repository, in Colton.","Un día anual de primavera en el depósito de Archivos del Área 09 en Riverside para dar a conocer los Archivos, con exhibiciones y una presentación sobre la historia de A.A. Celebra el aniversario de la mudanza al primer depósito, en Colton.",/committees/archives/,Source: msca09aa-archives.org About page and the Open House flyers
Four-Area DCM Sharing Session,Sesión de Compartimiento de MCD de Cuatro Áreas,,,meeting,"A yearly service event of the four Southern California Areas (05, 08, 09 and 93) where DCMs, DCMCs and any member interested in general service share at roundtables and workshops and hear current and past Delegates and Trustees.","Un evento de servicio anual de las cuatro áreas del Sur de California (05, 08, 09 y 93) en el que los MCD, los CMCD y cualquier miembro interesado en los servicios generales comparten en mesas redondas y talleres y escuchan a delegados(as) y custodios actuales y pasados.",/committees/four-area-dcm-sharing/,Also called 4-Area DCM Sharing. Source: msca09aa-archives.org (Area 09 Service Events).
General Service Conference,Conferencia de Servicios Generales,GSC,CSG,conference,"A.A.'s annual meeting of delegates, trustees, directors and staff — the group conscience of A.A. in the U.S. and Canada. Delegates make up at least two-thirds of its members.","La reunión anual de delegados, custodios, directores y personal de A.A.: la conciencia de grupo de A.A. en EE. UU. y Canadá. Los delegados son al menos dos tercios de sus miembros.",/service/delegate/,
Conference Advisory Action,Acción Recomendable de la Conferencia,,,conference,"A recommendation approved by the Conference, usually by a two-thirds vote, that guides the General Service Board.","Una recomendación aprobada por la Conferencia, generalmente por dos tercios, que orienta a la Junta de Servicios Generales.",,
Proposed Agenda Item,punto de agenda propuesto,PAI,,conference,"A suggestion for the Conference agenda. Any member, group, district or area may submit one to the General Service Office.","Una sugerencia para la agenda de la Conferencia. Cualquier miembro, grupo, distrito o área puede enviar uno a la Oficina de Servicios Generales.",https://www.aa.org/proposed-agenda-item-information,
floor action,acción plenaria,,,conference,A recommendation that comes from the full Conference floor rather than through a Conference committee.,Una recomendación que surge del pleno de la Conferencia y no por medio de un comité de la Conferencia.,,
General Service Board,Junta de Servicios Generales,GSB,JSG,board,"The trustees — Class A (non-alcoholic) and Class B (alcoholic) — who look after A.A.'s two operating corporations, A.A. World Services and AA Grapevine.",Los custodios —de clase A (no alcohólicos) y de clase B (alcohólicos)— que supervisan las dos corporaciones operativas de A.A.: A.A. World Services y AA Grapevine.,https://www.aa.org/aa-gso,
trustee,custodio,,,board,A member of the General Service Board. Class A trustees are non-alcoholic friends of A.A.; Class B trustees are A.A. members.,Miembro de la Junta de Servicios Generales. Los custodios de clase A son amigos no alcohólicos de A.A.; los de clase B son miembros de A.A.,,
regional trustee,custodio regional,,,board,A Class B trustee elected for a region. The Pacific Regional Trustee serves Area 09 and the other 14 Pacific areas.,Un custodio de clase B elegido por una región. El custodio regional del Pacífico sirve al Área 09 y a las otras 14 áreas del Pacífico.,,
General Service Office,Oficina de Servicios Generales,GSO,OSG,board,"The office in New York that serves all A.A. groups in the U.S. and Canada: publishes literature, supports the Conference and runs aa.org and the Meeting Guide app.","La oficina en Nueva York que sirve a todos los grupos de A.A. de EE. UU. y Canadá: publica la literatura, apoya a la Conferencia y mantiene aa.org y la aplicación Meeting Guide.",https://www.aa.org/aa-gso,
A.A. World Services,A.A. World Services,AAWS,AAWS,board,The corporation of the General Service Board that publishes Conference-approved literature and employs GSO staff.,La corporación de la Junta de Servicios Generales que publica la literatura aprobada por la Conferencia y emplea al personal de la OSG.,,
AA Grapevine / La Viña,AA Grapevine / La Viña,,,board,"A.A.'s international journals, in English (since 1944) and Spanish (since 1996). They are supported by subscriptions, not contributions.","Las revistas internacionales de A.A., en inglés (desde 1944) y en español (desde 1996). Se sostienen con suscripciones, no con contribuciones.",https://www.aa.org/aa-grapevine-la-vina,
Grapevine / La Viña representative,representante de Grapevine / de La Viña,GVR,RLV,group,A group member who makes the magazines known in the group.,Un miembro del grupo que da a conocer las revistas en el grupo.,,
Pacific Region A.A. Service Assembly,Asamblea de Servicio de A.A. de la Región del Pacífico,PRAASA,PRAASA,conference,"A yearly weekend of service sharing for the 15 areas of the Pacific Region, held before the Conference. Open to all members.","Un fin de semana anual para compartir sobre el servicio, para las 15 áreas de la Región del Pacífico, antes de la Conferencia. Abierta a todos los miembros.",https://praasa.org/,
Regional Forum,Foro Regional,,,conference,"A free weekend where members meet trustees, directors and GSO staff. Each region hosts one every other year.","Un fin de semana gratuito donde los miembros conocen a custodios, directores y personal de la OSG. Cada región tiene uno cada dos años.",https://www.aa.org/regional-local-and-special-forums,
central office / intergroup,oficina central / intergrupo,,,other,"A local service office that answers phones, keeps meeting lists and sells literature. Autonomous — not part of the general service structure.","Una oficina local de servicio que contesta el teléfono, mantiene las listas de reuniones y vende literatura. Es autónoma y no forma parte de la estructura de servicios generales.",/resources/#offices,
Hospitals & Institutions,Hospitales e Instituciones,H&I,HeI,other,"Committees that carry the message into hospitals, treatment centers and correctional facilities. In Area 09, H&I is a coordinate committee.","Comités que llevan el mensaje a hospitales, centros de tratamiento e instituciones correccionales. En el Área 09, H&I es un comité coordinado.",,
Seventh Tradition,Séptima Tradición,,,money,"“Every A.A. group ought to be fully self-supporting, declining outside contributions.” Groups support their district, Area, central office and GSO.","«Todo grupo de A.A. debe mantenerse completamente a sí mismo, negándose a recibir contribuciones de afuera». Los grupos apoyan a su distrito, Área, oficina central y la OSG.",/contribute/,
prudent reserve,reserva prudente,,,money,Money kept aside so a service body can keep working through a lean time.,Fondos que se guardan para que una entidad de servicio pueda seguir funcionando en tiempos difíciles.,,
inverted triangle,triángulo invertido,,,other,"A.A.'s upside-down organization chart: the groups are on top and hold final authority; the General Service Board is at the bottom, serving them.","El organigrama al revés de A.A.: los grupos están arriba y tienen la autoridad final; la Junta de Servicios Generales está abajo, a su servicio.",/about/structure/,
Twelve Concepts for World Service,Doce Conceptos para el Servicio Mundial,,,other,The principles that guide A.A.'s service structure — the third of A.A.'s three Legacies.,Los principios que guían la estructura de servicio de A.A.: el tercero de los tres Legados de A.A.,https://www.aa.org/the-twelve-concepts,
A.A. Service Manual,El Manual de Servicio de A.A.,,,other,"The handbook of the service structure, published with the Twelve Concepts. The 2026–2028 edition is current.","El manual de la estructura de servicio, publicado junto con los Doce Conceptos. La edición vigente es la de 2026–2028.",https://www.aa.org/aa-service-manualtwelve-concepts-world-services,
Box 4-5-9,Box 4-5-9,,,other,"The General Service Office's newsletter, named after the office's old post-office box.","El boletín de la Oficina de Servicios Generales, que lleva el nombre de su antiguo apartado postal.",https://www.aa.org/box-459,
National A.A. Archives Workshop,Taller Nacional de Archivos de A.A.,NAAAW,NAAAW,other,"A national gathering of A.A. archivists and historians, with hands-on workshops, presentations and speakers. Area 09 co-hosted the 7th in San Bernardino in 2002 and hosts the 29th there in September 2027.","Encuentro nacional de archivistas e historiadores de A.A., con talleres prácticos, presentaciones y oradores. El Área 09 fue coanfitriona del 7.º en San Bernardino en 2002 y organiza allí el 29.º en septiembre de 2027.",/committees/archives/,Source: msca09aa-archives.org/naaaw2027 and the registration forms; 2002 from about.timeline.14
Registrar,Registrador(a),,,area,The Area officer who keeps group and GSR records up to date with the General Service Office.,El oficial del Área que mantiene al día con la Oficina de Servicios Generales los registros de los grupos y de los RSG.,,
