kind,conference,title_en,title_es,date_start,date_end,place,url,url_label_en,url_label_es,summary_en,summary_es,notes,theme_en,theme_es,members,agenda_items
# HOW TO EDIT: one row per item. kind = conference | highlight | praasa | forum | workshop | convention | deadline. Dates are YYYY-MM-DD; a dated row disappears from the site the day after date_end (leave date_end empty to keep it). highlight rows belong to the Conference number in the conference column.,,,,,,,,,,,,,,,,
"# conference rows: theme_en/theme_es, members (number of Conference members) and agenda_items fill the summary card on /service/delegate/. url + url_label_en/url_label_es make the button; summary_en/summary_es is the text; notes = where the information came from (not shown).",,,,,,,,,,,,,,,,
conference,76,76th General Service Conference,76.ª Conferencia de Servicios Generales,2026-04-26,2026-05-02,"New York Hilton Midtown, New York, NY",https://www.aa.org/2026-general-service-conference-final-report,Final Conference Report on aa.org,Informe final de la Conferencia en aa.org,"Delegates from the 93 areas, trustees, directors and staff met for a week to consider the agenda — the group conscience of A.A. in the U.S. and Canada. It was the first Conference for Area 09's Panel 76 Delegate.","Delegados de las 93 áreas, custodios, directores y personal se reunieron durante una semana para considerar la agenda: la conciencia de grupo de A.A. en EE. UU. y Canadá. Fue la primera Conferencia de la delegada del Panel 76 del Área 09.",Source: aa.org 2026 GSC final report page. Spanish theme as printed on the Spanish Final Report cover (Delegate's Oct 2026 report) against the Spanish Final Report.,Humility in Action,La humildad en acción,136,70
conference,77,77th General Service Conference,77.ª Conferencia de Servicios Generales,,2027-06-30,"New York, NY",https://www.aa.org/general-service-conference-structure-us-and-canada,How the Conference works (aa.org),Cómo funciona la Conferencia (aa.org),"Panel 76's Delegate returns for a second and final Conference. The General Service Office announces the dates, theme and agenda.","La delegada del Panel 76 regresa para su segunda y última Conferencia. La Oficina de Servicios Generales anuncia las fechas, el lema y la agenda.",Add date_start and date_end when GSO publishes them.,,,,
highlight,76,"The English Big Book Fifth Edition keeps moving forward, with updated appendices and broader perspectives; the publication date is not set yet.","La Quinta Edición en inglés del Libro Grande sigue adelante, con apéndices actualizados y perspectivas más amplias; aún no hay fecha de publicación.",,,,,,,,,"Source: Delegate's shareback, May 17, 2026 Assembly minutes.",,,,
highlight,76,The Spanish Big Book Fourth Edition is a full translation and revision; a draft is expected at the next Conference.,La Cuarta Edición en español del Libro Grande es una traducción y revisión completa; se espera un borrador para la próxima Conferencia.,,,,,,,,,Same source.,,,,
highlight,76,“Understanding Anonymity” has been revised and retitled “Anonymity — Our Spiritual Foundation” (September 2026),El folleto sobre el anonimato fue revisado y tiene un nuevo título (septiembre de 2026),,,,https://www.aa.org/anonymity-our-spiritual-foundation,,,,,"Same source; link from the Delegate's September 2026 report. Published September 2026 (Delegate's report, Oct 11, 2026 ASC).",,,,
highlight,76,The Conference replaced the outdated word “Eskimo” in “Working With Others” and in the Tradition Eight essay with neutral language.,La Conferencia reemplazó con lenguaje neutral una palabra anticuada para referirse a los pueblos inuit en «Trabajando con los demás» y en el ensayo de la Octava Tradición.,,,,,,,,,Same source.,,,,
highlight,76,Public Information will pilot outreach to unregistered and online meetings before the next A.A. Membership Survey.,Información Pública hará pruebas piloto con reuniones no registradas y en línea antes de la próxima Encuesta de los Miembros de A.A.,,,,,,,,,Same source.,,,,
highlight,76,Work continues on updating “The A.A. Member — Medications and Other Drugs” and on gathering stories that better represent transgender members.,Continúa el trabajo para actualizar «El miembro de A.A. — Los medicamentos y otras drogas» y para reunir historias que representen mejor a los miembros transgénero.,,,,,,,,,Same source.,,,,
highlight,76,"A proposed Twelve Step study guide and workbook was declined, out of concern it might be treated as a substitute for sponsorship.","Se declinó una propuesta de guía de estudio y cuaderno de trabajo de los Doce Pasos, por la preocupación de que se usara como sustituto del apadrinamiento.",,,,,,,,,Same source.,,,,
highlight,76,"The suggested area contribution toward each delegate's Conference expenses rose from $2,200 to $3,000.","La contribución sugerida de cada área para los gastos de su delegado(a) en la Conferencia subió de $2,200 a $3,000.",,,,,,,,,Same source.,,,,
highlight,76,AAWS acquired the Everything AA app; its content is being reviewed to make sure it is consistent with the Twelve Traditions.,AAWS adquirió la aplicación Everything AA; su contenido se está revisando para asegurar que esté de acuerdo con las Doce Tradiciones.,,,,,,,,,"Same source, and the Delegate's September 2026 report.",,,,
highlight,76,The Final Conference Report is out digitally; printed copies ($5 plus tax and shipping) can be ordered from the A.A. online store starting in October.,El Informe final de la Conferencia ya está disponible en formato digital; las copias impresas ($5 más impuestos y envío) se pueden pedir en la tienda en línea de A.A. a partir de octubre.,,,,https://onlineliterature.aa.org/,,,,,Source: Delegate's September 2026 report.,,,,
praasa,,PRAASA 2027 — Pacific Region A.A. Service Assembly,PRAASA 2027 — Asamblea de Servicio de A.A. de la Región del Pacífico,2027-03-05,2027-03-07,"Westin Seattle, 1900 5th Ave., Seattle, WA",https://2027.praasa.org/register/,Register for PRAASA 2027,Inscríbete en PRAASA 2027,"Hosted by Western Washington Area 72. Panels, roundtables, open-mic sharing and speakers on the topics coming to the next Conference — open to every A.A. member. Area 09's Delegate and Alternate Delegate attend.","Organizada por el Área 72 del Oeste de Washington. Paneles, mesas redondas, micrófono abierto y oradores sobre los temas de la próxima Conferencia; abierta a todo miembro de A.A. Asisten la delegada y la delegada alterna del Área 09.",Source: praasa.org.,,,,
forum,,2026 Pacific Regional Forum,Foro Regional del Pacífico 2026,2026-12-04,2026-12-06,"Wyndham San Diego, 1355 N. Harbor Dr., San Diego, CA 92101",https://www.aa.org/event/2026-pacific-regional-forum,Register on aa.org (free),Inscripción en aa.org (gratis),"Meet trustees, directors and General Service Office staff and share with members from across the Pacific Region. Registration is free. Interpretation is offered through an AI tool — bring a phone and earbuds.","Conoce a custodios, directores y personal de la Oficina de Servicios Generales y comparte con miembros de toda la Región del Pacífico. La inscripción es gratuita. Hay interpretación con una herramienta de IA: trae tu teléfono y audífonos.",Source: aa.org Regional Forums page. Registration opened Oct 2 2026.,,,,
forum,,2028 Pacific Regional Forum — hosted by Area 09,Foro Regional del Pacífico 2028 — con el Área 09 como anfitriona,,2028-12-31,"Long Beach, CA",,,,Area 09 is planning to host the 2028 Forum in Long Beach. Dates will be posted by the General Service Office; ask the Delegate how to help.,El Área 09 se prepara para recibir el Foro de 2028 en Long Beach. La Oficina de Servicios Generales publicará las fechas; pregúntale a la delegada cómo ayudar.,Sources: Area slides (2024 bid) and the Sept 13 2026 Assembly agenda. Not yet listed on aa.org — confirm wording with the Delegate.,,,,
workshop,,29th National A.A. Archives Workshop,29.º Taller Nacional de Archivos Históricos de A.A.,2027-09-23,2027-09-26,"San Bernardino, CA",,,,"A.A. archivists from across the U.S. and Canada gather in San Bernardino, inside Area 09.","Archivistas de A.A. de todo Estados Unidos y Canadá se reúnen en San Bernardino, dentro del Área 09.",Source: Motion 76-3 and the Archives Committee.,,,,
convention,,2030 A.A. International Convention,Convención Internacional de A.A. 2030,2030-07-04,2030-07-07,"St. Louis, Missouri",https://www.aa.org/international-convention,International Convention on aa.org,Convención Internacional en aa.org,"Held every five years. In 1960 the International Convention came to Long Beach, inside today's Area 09.","Se celebra cada cinco años. En 1960 la Convención Internacional se realizó en Long Beach, dentro de lo que hoy es el Área 09.",Source: aa.org.,,,,
deadline,77,Proposed agenda items for the 77th Conference,Puntos de agenda propuestos para la 77.ª Conferencia,2026-09-30,2026-09-30,,https://www.aa.org/proposed-agenda-item-information,How to propose an agenda item,Cómo proponer un punto de agenda,Items received after this date are considered for the following Conference.,Los puntos que se reciban después de esta fecha se consideran para la Conferencia siguiente.,Source: Delegate's September 2026 report. Disappears automatically after the date.,,,,
