id,panel,date_introduced,title_en,title_es,summary_en,summary_es,status,decided_date,body,vote,background_url,agenda_url_en,agenda_url_es,notes,label_en,label_es
# HOW TO EDIT: one row per motion. status = new business | old business | passed | failed | tabled | withdrawn. Dates are YYYY-MM-DD. body = ASC or Assembly (where it was or will be decided). label_en/label_es = the name shown on the card (e.g. Motion A); when empty the id is shown. Lines starting with # are ignored.,,,,,,,,,,,,,,,,
76-1,76,2026-08-09,Bylaws 9.2 — who signs the Area's checks,Estatutos 9.2 — quién firma los cheques del Área,"Amend Article 9.2 of the Bylaws so that checks, drafts, notes and other orders for payment are signed by the Treasurer/AP and countersigned by the Treasurer/AR (or, when the Treasurer/AP is absent, signed by the Treasurer/AR). Today the Bylaws ask the Secretary — or the Alternate Delegate — to countersign.","Modificar el Artículo 9.2 de los Estatutos para que los cheques, giros, pagarés y demás órdenes de pago los firme el/la Tesorero(a)/AP y los refrende el/la Tesorero(a)/AR (o, en ausencia del Tesorero/AP, los firme el Tesorero/AR). Hoy los Estatutos piden que refrende el/la Secretario(a) o el/la Delegado(a) Alterno(a).",old business,,Assembly,,https://drive.google.com/file/d/1aIOeaUyBBYeNmNTXzA7J8FLXnTys0qVM/view,https://drive.google.com/file/d/1fgAmJHwkdolQSkXOj4KLRvjgSOqYqkzy/view,https://drive.google.com/file/d/15j3b2IEtULcYaTdfILqCy8cqOO293dBY/view,"Old business on the Sept 13, 2026 Assembly agenda. Introduced at an earlier ASC (Aug 9, 2026 assumed — Secretary, please confirm). Record the result here when the September minutes are approved.",,
76-2,76,2026-08-09,Grapevine & La Viña event — five years of funding,Evento de Grapevine y La Viña — cinco años de fondos,"Approve up to $2,000 to fund a Grapevine & La Viña event in November, as set out in the 2026 Area calendar, and keep funding it for five years.","Aprobar hasta $2,000 para financiar un evento de Grapevine y La Viña en noviembre, según el calendario 2026 del Área, y mantener esa financiación durante cinco años.",old business,,Assembly,,,https://drive.google.com/file/d/1fgAmJHwkdolQSkXOj4KLRvjgSOqYqkzy/view,https://drive.google.com/file/d/15j3b2IEtULcYaTdfILqCy8cqOO293dBY/view,"Old business on the Sept 13, 2026 Assembly agenda.",,
76-3,76,2026-08-09,Support for the 2027 National A.A. Archives Workshop,Apoyo al Taller Nacional de Archivos de A.A. 2027,"The Archives Committee asks for $2,000 to support the 29th National A.A. Archives Workshop, September 23–26, 2027, in San Bernardino — inside Area 09.","El Comité de Archivos Históricos pide $2,000 para apoyar el 29.º Taller Nacional de Archivistas de A.A., del 23 al 26 de septiembre de 2027 en San Bernardino, dentro del Área 09.",old business,,Assembly,,,https://drive.google.com/file/d/1fgAmJHwkdolQSkXOj4KLRvjgSOqYqkzy/view,https://drive.google.com/file/d/15j3b2IEtULcYaTdfILqCy8cqOO293dBY/view,"Proposed by the Area Archivist and the Archives Committee. Old business on the Sept 13, 2026 Assembly agenda.",,
76-4,76,2026-08-09,Registrar — 2026 budget increase,Registrador(a) — aumento del presupuesto 2026,"Raise the Registrar's 2026 budget from $1,000 to $2,000 (an additional $1,000).","Aumentar el presupuesto 2026 del Registrador(a) de $1,000 a $2,000 (un incremento de $1,000).",old business,,Assembly,,,https://drive.google.com/file/d/1fgAmJHwkdolQSkXOj4KLRvjgSOqYqkzy/view,https://drive.google.com/file/d/15j3b2IEtULcYaTdfILqCy8cqOO293dBY/view,Listed on the agenda as a budget override request.,,
76-5,76,2026-08-09,Convention Liaison — 2026 budget increase,Enlace de Convenciones — aumento del presupuesto 2026,"Raise the Convention Liaison Committee's 2026 budget from $1,000 to $1,700 (an additional $700).","Aumentar el presupuesto 2026 del Comité de Enlace de Convenciones de $1,000 a $1,700 (un incremento de $700).",old business,,Assembly,,,https://drive.google.com/file/d/1fgAmJHwkdolQSkXOj4KLRvjgSOqYqkzy/view,https://drive.google.com/file/d/15j3b2IEtULcYaTdfILqCy8cqOO293dBY/view,Listed on the agenda as a budget override request.,,
76-6,76,2026-08-09,Adopt the 2027 Area calendar,Adoptar el calendario 2027 del Área,"Adopt the 2027 MSCA 09 calendar: the dates, types and host districts of next year's Assemblies, ASCs and service events.","Adoptar el calendario 2027 del MSCA 09: las fechas, tipos y distritos anfitriones de las Asambleas, reuniones del CSA y eventos de servicio del próximo año.",old business,,Assembly,,,https://drive.google.com/file/d/1fgAmJHwkdolQSkXOj4KLRvjgSOqYqkzy/view,https://drive.google.com/file/d/15j3b2IEtULcYaTdfILqCy8cqOO293dBY/view,"Old business on the Sept 13, 2026 Assembly agenda.",,
76-B27,76,2026-09-13,2027 Area budget,Presupuesto 2027 del Área,The Treasurer/AP presented the proposed 2027 budget as new business. Groups and districts review it before it comes back for a vote.,El/la Tesorero(a)/AP presentó el presupuesto propuesto para 2027 como asunto nuevo. Los grupos y distritos lo revisan antes de que regrese para votación.,new business,,Assembly,,,https://drive.google.com/file/d/1fgAmJHwkdolQSkXOj4KLRvjgSOqYqkzy/view,https://drive.google.com/file/d/15j3b2IEtULcYaTdfILqCy8cqOO293dBY/view,"New business, Sept 13, 2026 Assembly.",Budget,Presupuesto
76-B26,76,2026-01-11,Revised 2026 Area budget,Presupuesto revisado 2026 del Área,"Adopt the revised 2026 budget, including the cost reductions discussed at the February and March ASCs.","Adoptar el presupuesto revisado de 2026, con las reducciones de gastos tratadas en las reuniones del CSA de febrero y marzo.",passed,2026-05-17,Assembly,88–2,,,,"Passed at the May 17, 2026 Assembly; the minority opinion was heard and no votes changed.",Budget,Presupuesto
P74-2025-A,74,2025-08-10,Standing committee chairs attend Area meetings in person,Coordinadores de comités permanentes asisten en persona,"Beginning with Panel 76 (January 2026), standing committee chairs are expected to attend ASCs and Assemblies in person, except in emergencies — when the chair sends someone, preferably the alternate chair.","A partir del Panel 76 (enero de 2026), se espera que los coordinadores de comités permanentes asistan en persona a las reuniones del CSA y a las Asambleas, salvo emergencias, en cuyo caso enviarán a alguien, de preferencia al coordinador alterno.",old business,,Assembly,,https://drive.google.com/file/d/1Yq5FWRDj5qU4489lpx6LJ2FkRKnI-pxj/view,,,"Tabled at the Aug 10, 2025 ASC; old business on the Jan 11, 2026 Assembly agenda. Result not yet in the published minutes.",Motion A,Moción A
P74-2025-C,74,2025-08-10,Add a Finance Policies article to the Area Guidelines,Agregar un artículo de Políticas Financieras a las Guías del Área,"Add Article VIII, “Finance Policies and Procedures,” to the Area Guidelines, starting with rules for expense reimbursement and leaving room for future reserve and contribution policies.","Agregar a las Guías del Área el Artículo VIII, «Políticas y procedimientos financieros», empezando por las reglas de reembolso de gastos y dejando espacio para futuras políticas sobre la reserva y las contribuciones.",old business,,Assembly,,https://drive.google.com/file/d/1KV7c789qjBX8jPTnjGDka_IbDxvL3Bpo/view,,,"From the Finance Committee. Tabled at the Aug 10, 2025 ASC; old business on the Jan 11, 2026 Assembly agenda. Result not yet in the published minutes.",Motion C,Moción C
P74-2025-E,74,2025-08-10,Expense reimbursement within 30 days,Reembolso de gastos dentro de 30 días,"Under the new Article VIII, require reimbursement requests within 30 days of the expense, with receipts, on the Area form, approved by the Treasurer/AP before payment.","Dentro del nuevo Artículo VIII, exigir que las solicitudes de reembolso se presenten dentro de los 30 días del gasto, con recibos, en el formulario del Área y con la aprobación del Tesorero(a)/AP antes del pago.",tabled,2025-08-10,ASC,,https://drive.google.com/file/d/1j0AqwY6r6NFb0hhw3JwUy6wbXNXYIqs0/view,,,"From the Finance Committee. Time ran out at the Aug 10, 2025 ASC; tabled until the November ASC.",Motion E,Moción E
P74-2025-B,74,2025-06-08,Rescind the “Four Corners” meeting system,Anular el sistema de las «cuatro esquinas»,"District 22 proposes to rescind the May 2024 “Four Corners” motion and give the job of organizing each Area meeting back to the host district, following the established rotation.","El Distrito 22 propone anular la moción de las «cuatro esquinas» de mayo de 2024 y devolver la organización de cada reunión del Área al distrito anfitrión, según la rotación establecida.",old business,,Assembly,32–15 (sent to the Assembly),,,,"Sent from the Aug 10, 2025 ASC to the Sept 14, 2025 Assembly. Result not yet in the published minutes.",Motion B,Moción B
P74-2025-D,74,2025-06-08,Support Area 93's safety-video agenda item,Apoyar el punto de agenda de Área 93 sobre el video de seguridad,"Support Area 93's proposed Conference agenda item asking the General Service Board to make its A.A. safety training video available in English and Spanish, with a French option.","Apoyar el punto de agenda propuesto por el Área 93 que pide a la Junta de Servicios Generales ofrecer su video de capacitación sobre seguridad en A.A. en inglés y español, con una opción en francés.",old business,,Assembly,,,,,"Sent from the Aug 10, 2025 ASC to the Sept 14, 2025 Assembly. Result not yet in the published minutes.",Motion D,Moción D
P74-2025-PLBB,74,2025-03-16,Spanish translation of the Plain Language Big Book,Traducción al español del Libro Grande en lenguaje sencillo,Ask the General Service Conference to approve a Spanish translation of the Plain Language Big Book.,Pedir a la Conferencia de Servicios Generales que apruebe una traducción al español del Libro Grande en lenguaje sencillo.,tabled,2025-03-16,ASC,,,,,"Tabled at the March 16, 2025 ASC, to be discussed at the Pre-Conference.",Motion A,Moción A
P74-2025-BUD,74,2024-10-13,2025 Area budget,Presupuesto 2025 del Área,Adopt the Area's 2025 budget as presented by the Treasurer/AP.,Adoptar el presupuesto 2025 del Área presentado por el/la Tesorero(a)/AP.,passed,2025-01-12,Assembly,98–4,,,,,Budget,Presupuesto
P74-2025-CAL,74,2024-10-13,2025 Area calendar,Calendario 2025 del Área,"Adopt the 2025 Area calendar of Assemblies, ASCs and service events.","Adoptar el calendario 2025 del Área con sus Asambleas, reuniones del CSA y eventos de servicio.",passed,2025-02-09,ASC,,,,,The ASC was turned into an Assembly to vote on the calendar.,Calendar,Calendario
P74-2025-RPT,74,2025-01-12,Accept written reports every month,Aceptar los informes escritos cada mes,Accept all written reports and record them in the minutes each month (floor motion from District 23).,Aceptar todos los informes escritos y dejarlos documentados en las actas cada mes (moción presentada en la sala por el Distrito 23).,passed,2025-01-12,Assembly,,,,,,Floor motion,Moción en sala
P74-2025-CR,74,2025-01-12,Floor motion on the “Doctor's Opinion”,Moción en sala sobre «La opinión del médico»,That Area 09 accept a 2020 research review as the current representation of the Big Book's “Doctor's Opinion.”,Que el Área 09 acepte una revisión de investigaciones de 2020 como la representación actual de «La opinión del médico» del Libro Grande.,withdrawn,2025-01-12,Assembly,,,,,Withdrawn by majority vote.,Floor motion,Moción en sala
P74-2024-LIT,74,2024-10-13,Literature Committee — Q4 2024 budget,Comité de Literatura — presupuesto del 4.º trimestre de 2024,"Raise the Literature Committee's fourth-quarter 2024 budget to $1,408 for displays, 2025 Service Manuals and other books for the English-speaking districts, copying and distribution.","Aumentar a $1,408 el presupuesto del Comité de Literatura para el cuarto trimestre de 2024: exhibidores, Manuales de Servicio 2025 y otros libros para los distritos de habla inglesa, copias y distribución.",passed,2025-01-12,Assembly,51–2,,,,,Motion A,Moción A
P74-2024-YPAA,74,2024-10-13,Letter of support for LACYPAA,Carta de apoyo a LACYPAA,Send a letter of support for LACYPAA's bid to host ICYPAA 2025.,Enviar una carta de apoyo a la candidatura de LACYPAA para organizar ICYPAA 2025.,passed,2025-01-12,Assembly,,,,,,Motion B,Moción B
P74-2024-SRV,74,2024-08-11,Move the 2024 Servathon,Cambiar la fecha del Servathon 2024,"Move the 2024 Servathon to Sunday, November 16, 2024, to avoid the Southern California Convention weekend.",Cambiar el Servathon 2024 al domingo 16 de noviembre de 2024 para no coincidir con la Convención del Sur de California.,passed,2024-08-11,Assembly,,,,,The ASC was turned into an Assembly to vote on the date change.,Motion F,Moción F
P74-2024-ARG,74,2024-08-11,Updated Archives Committee guidelines,Guías actualizadas del Comité de Archivos Históricos,Approve the Archives Committee's updated guidelines.,Aprobar las guías actualizadas del Comité de Archivos Históricos.,passed,2024-09-08,Assembly,84 in favor,,,,,Motion E,Moción E
P74-2024-GVLV,74,2024-06-09,An Area Grapevine & La Viña event,Un evento del Área de Grapevine y La Viña,"Hold an Area-wide La Viña and Grapevine event, with every district invited, to encourage subscriptions, literature and writing workshops — the first event of its kind in the Area.","Realizar un evento de La Viña y Grapevine para toda el Área, con todos los distritos invitados, para animar las suscripciones, la literatura y los talleres de escritura; el primer evento de este tipo en el Área.",passed,2024-09-08,Assembly,100 in favor,,,,,Motion A,Moción A
P74-2024-LEASE,74,2024-06-09,Renew the Archives repository lease,Renovar el arrendamiento del depósito de Archivos,"Renew the lease on the Archives repository at 7111 Arlington Ave., Suite B, Riverside, for 2025–2027 ($1,275, $1,315 and $1,355 a month).","Renovar el arrendamiento del depósito de Archivos Históricos en 7111 Arlington Ave., Suite B, Riverside, para 2025–2027 ($1,275, $1,315 y $1,355 al mes).",passed,2024-09-08,Assembly,106 in favor,,,,,Motion C,Moción C
P74-2024-MILE,74,2024-06-09,Mileage reimbursement to 37¢ a mile,Reembolso por millaje a 37¢ por milla,Raise mileage reimbursement from 30 to 37 cents a mile (Finance Committee).,Aumentar el reembolso por millaje de 30 a 37 centavos por milla (Comité de Finanzas).,passed,2024-09-08,Assembly,76 in favor,,,,,Motion D,Moción D
P74-2024-TRANS,74,2024-06-09,Lead translator at the 2024 Regional Forum,Traductor principal en el Foro Regional 2024,Add $600 to the Communications Committee budget so its lead translator could attend the 2024 Pacific Regional Forum in Las Vegas.,Agregar $600 al presupuesto del Comité de Comunicaciones para que su traductor principal asistiera al Foro Regional del Pacífico 2024 en Las Vegas.,withdrawn,2024-08-11,ASC,,,,,Withdrawn by simple majority.,Motion B,Moción B
P74-2024-TRT,74,2024-03-10,Revised Treatment Committee guidelines,Guías revisadas del Comité de Centros de Tratamiento,Approve the Treatment Committee's revised 2024 guidelines.,Aprobar las guías revisadas 2024 del Comité de Centros de Tratamiento.,passed,2024-05-19,Assembly,,,,,Passed with amendments by simple majority.,Motion C,Moción C
P74-2024-4C,74,2023-12-10,“Four Corners” Area meetings,Reuniones del Área en las «cuatro esquinas»,"Starting with Panel 74, hold ASCs at venues in the four corners of the Area and Assemblies in one or two central locations, so the Area secures hybrid-ready venues instead of each host district.","A partir del Panel 74, realizar las reuniones del CSA en sedes de las cuatro esquinas del Área y las Asambleas en uno o dos lugares centrales, para que el Área asegure sedes preparadas para reuniones híbridas en lugar de cada distrito anfitrión.",passed,2024-05-19,Assembly,,,,,"Presented by the Panel 72 Executive Board; amended at the Feb 11, 2024 ASC. District 22 later moved to rescind it (2025).",Motion A,Moción A
P74-2024-GSC,74,2024-02-11,Area pays the full cost of the Delegate at the Conference,El Área paga todo el costo del Delegado en la Conferencia,Have Area 09 pay 100% of the cost of sending its Delegate to the 2024 General Service Conference (floor motion).,Que el Área 09 pague el 100 % del costo de enviar a su Delegado(a) a la Conferencia de Servicios Generales 2024 (moción presentada en la sala).,failed,2024-05-19,Assembly,,,,,A motion to reconsider at the March ASC did not pass; the motion failed at the May Assembly.,Floor motion,Moción en sala
P74-2024-DCM,74,2024-01-14,DCM School guidelines,Guías de la Escuela de MCD,Approve the DCM School Committee's guidelines.,Aprobar las guías del Comité de la Escuela de MCD.,passed,2024-01-14,Assembly,,,,,,Motion A,Moción A
P74-2024-LITG,74,2024-01-14,Literature Committee guidelines,Guías del Comité de Literatura,Accept the Literature Committee's guidelines.,Aceptar las guías del Comité de Literatura.,passed,2024-01-14,Assembly,,,,,,Motion B,Moción B
P74-2024-DIST,74,2024-01-14,District reimbursement for hosting,Reembolso a los distritos anfitriones,"Reimburse host districts $3,000 for each ASC and Assembly, up from $2,000.","Reembolsar $3,000 a los distritos anfitriones por cada reunión del CSA y Asamblea, en lugar de $2,000.",failed,2024-01-14,Assembly,,,,,Raised during the 2024 budget discussion.,Floor motion,Moción en sala
