sort,key,parent,label_en,label_es,url,icon,color,desc_en,desc_es,cta
# The menu. sort = order (decimals such as 42.5 slot a row between two others). key = a short unique name. parent = the key of the top item whose dropdown this row belongs to (empty = top-level item).,,,,,,,,,,
"# label_en / label_es = the words in the menu; {panel} and {years} are filled in from settings.csv. url = the page address (/es is added for Spanish). icon = a Lucide icon name (lucide.dev/icons); color = ocean iris coral sun sage copper blush lilac sea.",,,,,,,,,,
# desc_en / desc_es = the short line under a dropdown entry. cta = yes shows the top item as a highlighted button (e.g. Contribute). Every row needs 11 values: keep the trailing commas.,,,,,,,,,,
10,calendar,,Calendar,Calendario,/calendar/,calendar-days,ocean,,,
20,districts,,Districts,Distritos,/districts/,map,coral,,,
30,committees,,Committees,Comités,/committees/,users,sage,,,
40,service,,Service,Servicio,/service/,landmark,iris,,,
41,service-hub,service,Area business,Asuntos del Área,/service/,landmark,iris,"Assemblies, Area committee meetings, motions and the Area's work","Asambleas, reuniones del Comité de Servicio de Área, mociones y el trabajo del Área",
42,area-meetings,service,Assemblies & ASCs,Asambleas y reuniones del CSA,/service/area-meetings/,calendar-range,ocean,"Every Area meeting this panel, with agendas and flyers","Cada reunión del Área en este panel, con agendas y volantes",
42.5,events-index,service,Meetings & events list,Lista de reuniones y eventos,/events/,list,ocean,"Every regular service meeting, and past events by year","Cada reunión de servicio regular y los eventos pasados por año",
43,delegate,service,Delegate's corner,Rincón del delegado,/service/delegate/,mic,coral,General Service Conference news and reports,Noticias e informes de la Conferencia de Servicios Generales,
44,motions,service,Agendas & motions,Agendas y mociones,/service/motions/,gavel,sun,What the Area is deciding,Lo que el Área está decidiendo,
45,documents,service,Minutes & documents,Actas y documentos,/documents/,file-text,sea,"Minutes, reports, guidelines and the whole archive","Actas, informes, guías y todo el archivo",
46,panel,service,Panel {panel} trusted servants,Servidores de confianza del Panel {panel},/about/panel/,contact,lilac,"Officers, committee chairs and DCMCs","Oficiales, coordinadores de comité y CMCD",
50,about,,About,Nosotros,/about/,info,ocean,,,
51,about-area,about,About Area 09,Sobre el Área 09,/about/,info,ocean,Who we are and where we serve,Quiénes somos y dónde servimos,
52,structure,about,How A.A. service works,Cómo funciona el servicio,/about/structure/,triangle,coral,From the group to the General Service Board,Del grupo a la Junta de Servicios Generales,
53,contact,about,Contact,Contacto,/contact/,send,sage,Role-based addresses for every service position,Direcciones por puesto para cada servicio,
54,policy,about,Website & anonymity policy,Política del sitio y anonimato,/about/policy/,shield-check,iris,How we protect members' anonymity online,Cómo protegemos el anonimato en línea,
60,resources,,Resources,Recursos,/resources/,book-open,copper,,,
61,newcomers,resources,New to A.A.?,¿Nuevo en A.A.?,/newcomers/,heart-handshake,coral,Is A.A. for you? How to find a meeting today,¿Es A.A. para ti? Cómo encontrar una reunión hoy,
62,resources-hub,resources,A.A. resources,Recursos de A.A.,/resources/,book-open,copper,"Literature, Grapevine, La Viña and aa.org","Literatura, Grapevine, La Viña y aa.org",
63,offices,resources,Central offices & hotlines,Oficinas centrales y líneas de ayuda,/resources/#offices,phone,sea,Local offices that answer the phone 24 hours,Oficinas locales que contestan el teléfono las 24 horas,
70,contribute,,Contribute,Contribuir,/contribute/,heart,coral,,,yes
