key,group,sort,page,title_en,title_es,url,url_es,description_en,description_es,icon,color,language,license,show,notes
"# Links used on /resources/, /newcomers/, /contribute/ and /about/policy/. page = where a row appears (resources; newcomers; contribute; policy — several separated by ;). url_es = the Spanish version of the page when there is one. show = no hides a row without deleting it.",,,,,,,,,,,,,,,
"# group = which heading the card sits under on /resources/ (the heading text is resources.group.<group>.title in data/text/content.csv). sort = order (smaller first). icon = a Lucide icon name (lucide.dev). color = ocean, iris, coral, sun, sage, copper, blush, lilac, sea or slate. language = en, es or both (shows a small language tag). license is used only for the software credits on /about/policy/.",,,,,,,,,,,,,,,
what-is-aa,start,100,resources; newcomers,What is A.A.?,¿Qué es A.A.?,https://www.aa.org/what-is-aa,https://www.aa.org/es/what-is-aa,A plain answer to the first question most people ask.,Una respuesta sencilla a la primera pregunta que casi todos se hacen.,circle-help,ocean,both,,,
new-to-aa,start,101,resources,Need help with a drinking problem?,¿Necesitas ayuda con la bebida?,https://www.aa.org/new-to-aa,https://www.aa.org/es/new-to-aa,A.A.'s own page for anyone wondering whether A.A. can help.,La página de A.A. para quien se pregunta si A.A. puede ayudarle.,door-open,coral,both,,,
self-assessment,start,102,resources,Take a self-assessment,Haz una autoevaluación,https://www.aa.org/self-assessment,https://www.aa.org/es/self-assessment,"A few honest questions about your drinking, on aa.org. Only you can decide.","Unas preguntas sinceras sobre tu forma de beber, en aa.org. Solo tú puedes decidir.",clipboard-check,sage,both,,,
find-aa,start,103,resources,Find A.A. near you,Encuentra A.A. cerca de ti,https://www.aa.org/find-aa,https://www.aa.org/es/find-aa,"aa.org's finder gives you the nearest central office or intergroup, which keeps the local meeting list.","El buscador de aa.org te indica la oficina central o el intergrupo más cercano, que tiene la lista local de reuniones.",search,iris,both,,,
meeting-guide,start,104,resources; newcomers,Meeting Guide app,Aplicación Meeting Guide,https://www.aa.org/meeting-guide-app,https://www.aa.org/es/meeting-guide-app,"The free A.A. app for iPhone and Android, kept up to date by local A.A. offices.","La aplicación gratuita de A.A. para iPhone y Android, actualizada por las oficinas locales de A.A.",smartphone,ocean,both,,,
meeting-guide-ios,apps,105,,Meeting Guide on the App Store,Meeting Guide en App Store,https://apps.apple.com/us/app/meeting-guide/id1042822181,,,,smartphone,slate,,,,Store link used by the Meeting Guide buttons
meeting-guide-android,apps,106,,Meeting Guide on Google Play,Meeting Guide en Google Play,https://play.google.com/store/apps/details?id=org.meetingguide,,,,play,slate,,,,Store link used by the Meeting Guide buttons
oiaa,start,107,resources; newcomers,Online Intergroup of A.A.,Intergrupo en Línea de A.A.,https://aa-intergroup.org/,https://aa-intergroup.org/es/,"Online meetings at every hour of the day and night, in many languages.","Reuniones en línea a toda hora del día y de la noche, en muchos idiomas.",globe,sea,both,,,
aa-es,start,108,resources,A.A. en español,A.A. en español,https://www.aa.org/es,https://www.aa.org/es,"aa.org in Spanish: literature, meetings and help.","aa.org en español: literatura, reuniones y ayuda.",languages,coral,es,,,
meetings-info,start,109,resources; newcomers,What happens at a meeting,Qué pasa en una reunión,https://www.aa.org/information-about-meetings,https://www.aa.org/es/information-about-meetings,"Open and closed meetings, speaker and discussion meetings — what to expect.","Reuniones abiertas y cerradas, de orador y de discusión: qué esperar.",armchair,blush,both,,,
faq-44,start,110,resources; newcomers,Frequently asked questions about A.A.,Preguntas frecuentes acerca de A.A.,https://www.aa.org/frequently-asked-questions-about-aa-formerly-44-questions,https://www.aa.org/es/preguntas-frecuentes-acerca-de-aa-antiguamente-44-preguntas,The pamphlet formerly called “44 Questions”.,El folleto antes llamado «44 preguntas».,message-circle-question,lilac,both,,,
info-on-aa,start,111,resources; newcomers,Information on Alcoholics Anonymous,Información sobre Alcohólicos Anónimos,https://www.aa.org/sites/default/files/literature/F-2_0125.pdf,https://www.aa.org/sites/default/files/literature/SF-2_0924.pdf,"What A.A. is, what it does and what it does not do (PDF).","Qué es A.A., qué hace y qué no hace (PDF).",file-text,copper,both,,,F-2 / SF-2
sponsorship,start,112,resources; newcomers,Questions & answers on sponsorship,Preguntas y respuestas sobre el apadrinamiento,https://www.aa.org/questions-and-answers-sponsorship,https://www.aa.org/es/preguntas-y-respuestas-sobre-el-apadrinamiento,What a sponsor is and how to find one.,Qué es un padrino o madrina y cómo encontrar uno.,handshake,sun,both,,,
living-sober,start,113,resources; newcomers,Living Sober,Viviendo sobrio,https://www.aa.org/living-sober-book,,"Practical, day-by-day ways members stay away from the first drink.",Maneras prácticas en que los miembros se mantienen alejados del primer trago. (La edición en español está en la tienda de aa.org.),sprout,sage,en,,,
family-friend,family,120,newcomers,Is there an alcoholic in your life?,¿Hay un alcohólico en tu vida?,https://www.aa.org/aa-family-friend,https://www.aa.org/es/aa-family-friend,aa.org's page for family members and friends.,La página de aa.org para familiares y amigos.,heart-handshake,blush,both,,,
al-anon,family,121,newcomers,Al-Anon Family Groups,Grupos de Familia Al-Anon,https://al-anon.org,https://al-anon.org/es/,"A separate Twelve Step fellowship for people concerned about someone else's drinking (aa.org refers family and friends there).",Una comunidad de Doce Pasos aparte para personas preocupadas por la forma de beber de otra persona (aa.org remite allí a familiares y amigos).,users-round,lilac,both,,,Linked the way aa.org does on its family and friends page
big-book,literature,200,resources; newcomers,Alcoholics Anonymous (the Big Book),Alcohólicos Anónimos (el Libro Grande),https://www.aa.org/the-big-book,https://www.aa.org/es/the-big-book,"Read the basic text of A.A. free online, in full.","Lee gratis en línea el texto básico completo de A.A.",book-open,ocean,both,,,
twelve-twelve,literature,201,resources,Twelve Steps and Twelve Traditions,Doce Pasos y Doce Tradiciones,https://www.aa.org/twelve-steps-twelve-traditions,https://www.aa.org/es/twelve-steps-twelve-traditions,"The “Twelve and Twelve”, free online.","El «Doce y Doce», gratis en línea.",book-open-text,iris,both,,,
daily-reflections,literature,202,resources,Daily Reflections,Reflexiones Diarias,https://www.aa.org/daily-reflections,,A reflection for each day of the year by A.A. members.,Una reflexión para cada día del año escrita por miembros de A.A.,sun-medium,sun,en,,,
literature,literature,203,resources,A.A. literature,Literatura de A.A.,https://www.aa.org/resources/literature,,"Books, pamphlets and service material from A.A. World Services.","Libros, folletos y material de servicio de A.A. World Services.",library,copper,both,,,
conference-approved,literature,204,resources,Conference-approved literature,Literatura aprobada por la Conferencia,https://www.aa.org/conference-approved-literature,,What “Conference-approved” means and why it matters.,Qué significa «aprobada por la Conferencia» y por qué importa.,badge-check,sage,en,,,
bookstore,literature,205,resources,Order literature (A.A. online bookstore),Pedir literatura (tienda en línea de A.A.),https://onlineliterature.aa.org,,"Buy books and pamphlets from A.A. World Services.",Compra libros y folletos de A.A. World Services.,package,coral,both,,,
literature-catalog,literature,206,resources,Literature catalog,Catálogo de literatura,https://www.aa.org/aa-literature-catalog,,The full catalog of A.A. books and pamphlets.,El catálogo completo de libros y folletos de A.A.,list-checks,lilac,en,,,
twelve-steps,legacies,300,resources,The Twelve Steps,Los Doce Pasos,https://www.aa.org/the-twelve-steps,https://www.aa.org/es/the-twelve-steps,Recovery — the program of A.A.,Recuperación: el programa de A.A.,milestone,sun,both,,,
twelve-traditions,legacies,301,resources; policy,The Twelve Traditions,Las Doce Tradiciones,https://www.aa.org/the-twelve-traditions,https://www.aa.org/es/the-twelve-traditions,Unity — how A.A. groups stay together.,Unidad: cómo permanecen unidos los grupos.,link,blush,both,,,
twelve-concepts,legacies,302,resources,The Twelve Concepts for World Service,Los Doce Conceptos para el Servicio Mundial,https://www.aa.org/the-twelve-concepts,https://www.aa.org/es/the-twelve-concepts,Service — how A.A. as a whole works.,Servicio: cómo funciona A.A. en su conjunto.,network,iris,both,,,
preamble,legacies,303,resources,The A.A. Preamble,El Preámbulo de A.A.,https://www.aa.org/aa-preamble,https://www.aa.org/es/preambulo-de-aa,Read at the start of most A.A. meetings.,Se lee al comienzo de la mayoría de las reuniones de A.A.,quote,ocean,both,,,
declaration-unity,legacies,304,resources,A Declaration of Unity,Declaración de la Unidad,https://www.aa.org/a-declaration-of-unity,https://www.aa.org/es/a-declaration-of-unity,“This we owe to A.A.'s future…”,«Esto lo debemos al futuro de A.A.…»,hand-heart,coral,both,,,
grapevine,grapevine,400,resources,AA Grapevine,AA Grapevine,https://www.aagrapevine.org/,,"The international journal of A.A. — “our meeting in print”, since 1944.","La revista internacional de A.A. en inglés, «nuestra reunión impresa», desde 1944.",newspaper,ocean,en,,,
la-vina,grapevine,401,resources,La Viña,La Viña,https://www.aalavina.org/,,"The Spanish-language A.A. magazine. Area 09 asked G.S.O. for it in the 1990s.","La revista de A.A. en español. El Área 09 la pidió a la OSG en los años noventa.",newspaper,coral,es,,,Area 09 history: Chronicles 2009
gv-lv-aa,grapevine,402,resources,Grapevine and La Viña on aa.org,Grapevine y La Viña en aa.org,https://www.aa.org/aa-grapevine-la-vina,https://www.aa.org/es/aa-grapevine-la-vina,"How the magazines work — they are supported by subscriptions and sales, not contributions.","Cómo funcionan las revistas: se sostienen con suscripciones y ventas, no con contribuciones.",info,sea,both,,,
gv-involved,grapevine,403,resources,Get involved with Grapevine,Participe en Grapevine,https://www.aagrapevine.org/get-involved,,"Write a story, become a GVR, carry the magazine.","Escribe una historia, hazte representante de Grapevine (GVR) y lleva la revista a tu grupo.",square-pen,lilac,en,,,
service-manual,service,500,resources,The A.A. Service Manual and Twelve Concepts,El Manual de Servicio de A.A. y los Doce Conceptos,https://www.aa.org/aa-service-manualtwelve-concepts-world-services,https://www.aa.org/es/el-manual-de-servicio-de-aa-y-doce-conceptos-para-el-servicio-mundial,"The handbook for every G.S.R., D.C.M. and Area officer — free to read online.","El manual de todo RSG, MCD y oficial del Área, gratis en línea.",book,iris,both,,,
aa-group,service,501,resources,The A.A. Group,El grupo de A.A.,https://www.aa.org/the-aa-group,https://www.aa.org/es/the-aa-group,How a group works and how it connects with A.A. as a whole.,Cómo funciona un grupo y cómo se une con A.A. en su conjunto.,users,sage,both,,,
gsr,service,502,resources,G.S.R. — General Service Representative,RSG — Representante de Servicios Generales,https://www.aa.org/gsr-general-service-representative,https://www.aa.org/es/rsg-representante-de-servicios-generales,The link between a group and A.A. as a whole.,El enlace entre un grupo y A.A. en su conjunto.,user-round,ocean,both,,,
gsr-kit,service,503,resources,G.S.R. kit,Paquete del RSG,https://www.aa.org/contents-general-service-representative-gsr-kit-list,https://www.aa.org/es/contenido-del-paquete-de-representante-de-servicios-generales-rsg,What is in the kit G.S.O. sends to new G.S.R.s.,Lo que contiene el paquete que la OSG envía a los nuevos RSG.,package,copper,both,,,
dcm,service,504,resources,Your D.C.M. — District Committee Member,Tu MCD — Miembro del Comité de Distrito,https://www.aa.org/your-dcm-district-committee-member,,The vital link between the group's G.S.R. and the area.,El enlace vital entre el RSG del grupo y el área.,map,coral,en,,,
structure,service,505,resources,The structure of the Conference (U.S. and Canada),La estructura de la Conferencia (EE. UU. y Canadá),https://www.aa.org/structure-conference-us-and-canada,,"How groups, districts, areas and the General Service Conference fit together.","Cómo encajan los grupos, distritos, áreas y la Conferencia de Servicios Generales.",triangle,coral,en,,,
new-trusted-servants,service,506,resources,Information for new trusted servants,Información para nuevos servidores de confianza,https://www.aa.org/information-for-new-trusted-servants,,A starting point for anyone new to a service position.,Un punto de partida para quien comienza un puesto de servicio.,sparkles,sun,en,,,
box-459,service,507,resources,Box 4-5-9,Box 4-5-9,https://www.aa.org/box-459,,News and notes from the General Service Office.,Noticias de la Oficina de Servicios Generales.,mailbox,lilac,both,,,
pai,service,508,resources,Proposed agenda items for the Conference,Puntos de agenda propuestos para la Conferencia,https://www.aa.org/proposed-agenda-item-information,https://www.aa.org/es/proposed-agenda-item-information,How a member or group can propose an item for the General Service Conference.,Cómo un miembro o grupo puede proponer un punto para la Conferencia de Servicios Generales.,send,iris,both,,,
service-committees,service,509,resources,Service committees on aa.org,Comités de servicio en aa.org,https://www.aa.org/service-committees,https://www.aa.org/es/service-committees,"Guidelines, kits and workbooks for every kind of service committee.","Guías, paquetes y libros de trabajo para cada tipo de comité de servicio.",users-round,sea,both,,,
gso,service,510,resources,The General Service Office (G.S.O.),La Oficina de Servicios Generales (OSG),https://www.aa.org/aa-gso,https://www.aa.org/es/aa-gso,Serves every A.A. group in the United States and Canada.,Sirve a todos los grupos de A.A. de Estados Unidos y Canadá.,landmark,ocean,both,,,
new-group-form,service,511,resources,Register a new group with G.S.O.,Registrar un grupo nuevo en la OSG,https://www.aa.org/gso-new-group-listing-guidelinesform,,G.S.O.'s new group form. Copy the Area Registrar (registrar@msca09aa.org).,Formulario de la OSG para grupos nuevos. Envía copia al Registrador del Área (registrar@msca09aa.org).,file-check,sage,en,,,
group-change-form,service,512,resources,Change a group's information,Cambiar la información de un grupo,https://www.aa.org/gso-group-information-change-form,,"New G.S.R., new meeting place or time — tell G.S.O. and the Area Registrar.","Nuevo RSG, nuevo lugar u horario: avisa a la OSG y al Registrador del Área.",refresh-cw,copper,en,,,
praasa,region,600,resources,PRAASA — Pacific Region A.A. Service Assembly,PRAASA — Asamblea de Servicio de A.A. de la Región del Pacífico,https://praasa.org/,https://praasa.org/es/,"Held each spring before the General Service Conference, for members across the Pacific Region.","Se celebra cada primavera antes de la Conferencia de Servicios Generales, para los miembros de toda la Región del Pacífico.",mountain-snow,sea,both,,,
pacific-region,region,601,resources,The Pacific Region on aa.org,La Región del Pacífico en aa.org,https://www.aa.org/contact-pacific-region,,G.S.O.'s contact page for the 15 areas of the Pacific Region.,La página de contacto de la OSG para las 15 áreas de la Región del Pacífico.,compass,ocean,en,,,
forums,region,602,resources,Regional and local forums,Foros regionales y locales,https://www.aa.org/regional-local-and-special-forums,https://www.aa.org/es/regional-local-and-special-forums,Weekend sharing sessions with members of the General Service Board and G.S.O. — free.,Sesiones de fin de semana con miembros de la Junta de Servicios Generales y de la OSG. Son gratuitas.,messages-square,iris,both,,,
area-sites,region,603,resources,Area websites in the U.S. and Canada,Sitios web de las áreas de EE. UU. y Canadá,https://www.aa.org/list-of-general-service-conference-area-web-sites-uscanada,,All 93 General Service Conference areas.,Las 93 áreas de la Conferencia de Servicios Generales.,earth,sage,en,,,
area-05,region,604,resources,Area 05 — Southern California,Área 05 — Sur de California,https://www.area05aa.org/,,Our neighbour to the north and west (Los Angeles County north of Rosecrans and the San Bernardino West End).,Nuestra vecina al norte y al oeste (el condado de Los Ángeles al norte de Rosecrans y el West End de San Bernardino).,map-pinned,copper,en,,,
area-08,region,605,resources,Area 08 — San Diego/Imperial,Área 08 — San Diego/Imperial,https://www.area8aa.org/,,Our neighbour to the south.,Nuestra vecina al sur.,map-pinned,sun,en,,,
area-93,region,606,resources,Area 93 — Central California,Área 93 — Centro de California,https://area93.org/,,A neighbouring California area.,Un área vecina de California.,map-pinned,lilac,en,,,
area-06,region,606.1,resources,Area 06 — Northern Coastal California,Área 06 — Costa Norte de California,https://www.cnca06.org/,,"San Francisco, the Bay Area and California's north coast (CNCA).","San Francisco, el Área de la Bahía y la costa norte de California (CNCA).",map-pinned,sea,en,,,From the Area Archives' USA/Canada Area Websites list; same URL on aa.org's list (checked October 2026).
area-07,region,606.2,resources,Area 07 — Northern Interior California,Área 07 — Interior Norte de California,https://cnia.org/,,"Northern interior California, including Sacramento (CNIA).","El interior del norte de California, incluido Sacramento (CNIA).",map-pinned,iris,en,,,From the Area Archives' USA/Canada Area Websites list; www.cnia.org redirects here (checked October 2026).
intl-convention,region,607,resources,A.A. International Convention,Convención Internacional de A.A.,https://www.aa.org/international-convention,,"Held every five years. In 1960 it came to Long Beach, inside today's Area 09.","Se celebra cada cinco años. En 1960 se celebró en Long Beach, dentro del Área 09 de hoy.",party-popper,coral,en,,,
oc-hi,hi,700,resources,Orange County H&I,H&I del Condado de Orange,https://ochandi.org/,,"Hospitals & Institutions: carrying the message into hospitals, treatment and correctional facilities in Orange County.","Hospitales e Instituciones: llevan el mensaje a hospitales, centros de tratamiento e instituciones correccionales del condado de Orange.",hospital,ocean,en,,,
soc-hi,hi,701,resources,South Orange County H&I,H&I del Sur del Condado de Orange,https://sochic.club/,,H&I service in south Orange County.,Servicio de H&I en el sur del condado de Orange.,hospital,sea,en,,,
ie-hi,hi,702,resources,Inland Empire H&I,H&I del Inland Empire,https://iehandi.org/,,H&I service in the Riverside and San Bernardino area.,Servicio de H&I en la región de Riverside y San Bernardino.,hospital,copper,en,,,
cv-hi,hi,703,resources,Coachella Valley H&I,H&I del Valle de Coachella,https://coachellavalleyhandi.org/,,H&I service in the desert communities.,Servicio de H&I en las comunidades del desierto.,hospital,sun,en,,,
tv-hi,hi,704,resources,Temecula Valley H&I,H&I del Valle de Temecula,https://temeculahi.com/,,H&I service in the Temecula Valley.,Servicio de H&I en el Valle de Temecula.,hospital,sage,en,,,
sb-hi,hi,705,resources,South Bay H&I,H&I del South Bay,https://southbayhandi.com/,,H&I service in the South Bay.,Servicio de H&I en el South Bay.,hospital,iris,en,,,
sb-hi-es,hi,705.5,resources,Sur de la Bahía H&I (Spanish-speaking),Comité de H&I del Sur de la Bahía,https://aasurdelabahia.org/h-i/,,"The Spanish-speaking H&I committee of the Oficina Intergrupal del Sur de la Bahía (South Bay, Long Beach and the Harbor area).","El comité de H&I de habla hispana de la Oficina Intergrupal del Sur de la Bahía (South Bay, Long Beach y la zona del puerto).",hospital,coral,es,,,"Listed on the Area Archives' Coordinate Committees page as Comite de Instituciones del Sur de la Bahia. The intergroup's own history page dates the start of its H&I committee to June 21, 1993."
socal-hi,hi,706,resources,So-Cal H&I Intergroup,Intergrupo de H&I del Sur de California,https://handisocal.org/,,The Southern California H&I intergroup.,El intergrupo de H&I del sur de California.,network,lilac,en,,,
btg,hi,707,resources,Area 09 Bridging the Gap,Bridging the Gap del Área 09 (Cerrando la Brecha),https://area9btg.org/,,Connects people leaving treatment with A.A. members outside — a service of the Area Treatment Committee.,Pone en contacto a quienes salen de tratamiento con miembros de A.A. de afuera; un servicio del Comité de Centros de Tratamiento del Área.,waypoints,coral,en,,,
archives-site,hi,708,resources,Area 09 Archives,Archivos Históricos del Área 09,https://msca09aa-archives.org/,,"The Area's history, kept at the archives repository in Riverside.",La historia del Área en el depósito de Archivos Históricos de Riverside.,archive,copper,en,,,
anonymity,anonymity,800,resources; policy,A.A. and anonymity,A.A. y el anonimato,https://www.aa.org/aa-and-anonymity,https://www.aa.org/es/aa-and-anonymity,"Why we keep full names and faces out of press, radio, film and the internet.","Por qué no mostramos nombres completos ni rostros en la prensa, la radio, el cine ni en internet.",eye-off,iris,both,,,
anonymity-online,anonymity,801,resources; policy,Anonymity online and digital media,El anonimato en línea y en los medios digitales,https://www.aa.org/anonymity-online-and-digital-media,,"Websites, social media, e-mail and video meetings.","Sitios web, redes sociales, correo electrónico y reuniones por video.",monitor-smartphone,ocean,en,,,
anonymity-foundation,anonymity,802,resources; policy,Anonymity — our spiritual foundation,El anonimato: nuestra base espiritual,https://www.aa.org/anonymity-our-spiritual-foundation,,An essay on why anonymity matters.,Un ensayo sobre por qué importa el anonimato.,sparkles,lilac,en,,,
anonymity-letter,anonymity,803,resources; policy,Anonymity letter to the media,Carta a los medios sobre el anonimato,https://www.aa.org/anonymity-letter-to-media,,The letter G.S.O. sends to news media every year.,La carta que la OSG envía a los medios cada año.,mail-open,coral,en,,,
safety-flyer,anonymity,804,resources,Safety and A.A.,La seguridad y A.A.,https://www.aa.org/safety-and-aa-flyer,https://www.aa.org/es/triptico-sobre-la-seguridad-y-aa,Our common welfare comes first — safety in A.A. groups.,Nuestro bienestar común es primero: la seguridad en los grupos de A.A.,shield-check,sage,both,,,
safety-card,anonymity,805,resources,Safety card for A.A. groups,Tarjeta de seguridad para los grupos de A.A.,https://www.aa.org/safety-card-aa-groups,https://www.aa.org/es/tarjeta-de-seguridad-para-los-grupos-de-aa,A card a group can read at the start of a meeting.,Una tarjeta que el grupo puede leer al comienzo de la reunión.,shield,sea,both,,,
websites-faq,anonymity,806,resources; policy,Frequently asked questions about A.A. websites,Preguntas frecuentes sobre los sitios web de A.A.,https://www.aa.org/frequently-asked-questions-about-aa-websites,,G.S.O.'s guidance for A.A. websites (SMF-101).,La orientación de la OSG para los sitios web de A.A. (SMF-101).,globe,copper,en,,,
contributions,selfsupport,900,resources; contribute,Contributions and self-support,Contribuciones y automantenimiento,https://www.aa.org/aa-contributions-self-support,https://www.aa.org/es/aa-contributions-self-support,"Where contributions go, and how to send one to G.S.O.","Adónde van las contribuciones y cómo enviar una a la OSG.",hand-coins,coral,both,,,
self-support-f3,selfsupport,901,resources; contribute,Self-Support: Where Money and Spirituality Mix,El automantenimiento: donde la espiritualidad y el dinero se relacionan,https://www.aa.org/self-support-where-money-and-spirituality-mix,https://www.aa.org/es/el-automantenimiento-donde-la-espiritualidad-y-el-dinero-se-relacionan,The Seventh Tradition in practice (F-3).,La Séptima Tradición en la práctica (SF-3).,sprout,sage,both,,,
f203,selfsupport,902,resources; contribute,Seventh Tradition fact sheet,Hoja informativa de la Séptima Tradición,https://www.aa.org/seventh-tradition-fact-sheet-your-seventh-tradition-contributions,,A one-page fact sheet on Seventh Tradition contributions (F-203).,Una hoja informativa sobre las contribuciones de la Séptima Tradición (F-203).,chart-pie,sun,en,,,
self-support-card,selfsupport,903,resources; contribute,Self-support card,Tarjeta de automantenimiento,https://www.aa.org/self-support-card,,A short card about self-support to share with your group.,Una tarjeta breve sobre el automantenimiento para compartir con tu grupo.,wallet,iris,en,,,
virtual-7th,selfsupport,904,resources; contribute,The Seventh Tradition at online meetings,La Séptima Tradición en las reuniones en línea,https://www.aa.org/faq-practicing-seventh-tradition-virtual-meetings,,G.S.O.'s answers for groups that meet online.,Las respuestas de la OSG para los grupos que se reúnen en línea.,video,ocean,en,,,
gso-contribute,selfsupport,905,resources; contribute,Contribute to G.S.O. online,Contribuir a la OSG en línea,https://contribution.aa.org/,,"One-time or recurring contributions to the General Service Board, by group or member.","Contribuciones únicas o periódicas a la Junta de Servicios Generales, de grupos o miembros.",heart,coral,both,,,
accessibility,access,1000,resources; newcomers,Accessibility resources,Recursos de accesibilidad,https://www.aa.org/accessibility-resources,https://www.aa.org/es/recursos-de-accesibilidad,A.A. literature and information in accessible formats.,Literatura e información de A.A. en formatos accesibles.,accessibility,sea,both,,,
young-people,access,1001,resources; newcomers,Young people in A.A.,Jóvenes en A.A.,https://www.aa.org/young-people-aa,,aa.org's page for young people in A.A.,La página de aa.org para los jóvenes en A.A.,sparkles,blush,en,,,
military,access,1002,resources,Military members and veterans in A.A.,Militares y veteranos en A.A.,https://www.aa.org/military,,aa.org's page for active-duty members and veterans.,La página de aa.org para militares en servicio activo y veteranos.,medal,copper,en,,,
zelle-qr,contribute-files,1100,,Zelle QR code,Código QR de Zelle,https://drive.google.com/file/d/1JT132iG8VMq6TTL0bd0SgudSwegTLgij/view,,,,qr-code,iris,,,yes,"Clean QR supplied 2026-10-06 (Drive: docs/flyers/zelle-contribution-qr-2026-10-06.png; a white border was added so phones read it reliably). It decodes to the same Zelle destination as the QR on the Treasurers' 7th Tradition flyer: name shown ""MID-SOUTHERN CALIFORNIA AREA ASSEMBLY OF"", token msca09contributions. Shown since 2026-10-07. Treasurer A/R: after a test payment, write here ""Test-scanned by Treasurer A/R on YYYY-MM-DD"". To hide it again, set show to no."
contribute-flyer,contribute-files,1101,,Seventh Tradition contributions flyer (English & Spanish),Volante de contribuciones de la Séptima Tradición (inglés y español),https://drive.google.com/file/d/1JHwv90iIs1rb5X2alE4d27UOdQDY12MJ/view,,"Printable PDF, English and Spanish","PDF para imprimir, en inglés y español",printer,coral,both,,no,"HIDDEN: the PDF's Author metadata contains a member's full name. Strip the metadata (or re-export the PDF), then set show to yes."
eleventy,software,1200,policy,Eleventy,Eleventy,https://www.11ty.dev/,,Builds the pages from the CSV files and the calendar.,Genera las páginas a partir de los archivos CSV y del calendario.,layers-3,slate,,MIT,,
tailwind,software,1201,policy,Tailwind CSS,Tailwind CSS,https://tailwindcss.com/,,The design system's styles.,Los estilos del sistema de diseño.,layers-3,slate,,MIT,,
alpine,software,1202,policy,Alpine.js,Alpine.js,https://alpinejs.dev/,,"Menus, tabs, copy buttons and filters.","Menús, pestañas, botones de copiar y filtros.",layers-3,slate,,MIT,,
fullcalendar,software,1203,policy,FullCalendar,FullCalendar,https://fullcalendar.io/,,The month and week calendar views.,Las vistas del calendario por mes y por semana.,layers-3,slate,,MIT,,
leaflet,software,1204,policy,Leaflet,Leaflet,https://leafletjs.com/,,Interactive maps.,Mapas interactivos.,layers-3,slate,,BSD-2-Clause,,
openstreetmap,software,1205,policy,OpenStreetMap,OpenStreetMap,https://www.openstreetmap.org/copyright,,Map data © OpenStreetMap contributors.,Datos del mapa © colaboradores de OpenStreetMap.,layers-3,slate,,ODbL,,
photoswipe,software,1206,policy,PhotoSwipe,PhotoSwipe,https://photoswipe.com/,,Full-screen flyer viewer.,Visor de volantes a pantalla completa.,layers-3,slate,,MIT,,
swiper,software,1207,policy,Swiper,Swiper,https://swiperjs.com/,,Swipeable carousels.,Carruseles deslizables.,layers-3,slate,,MIT,,
fuse,software,1208,policy,Fuse.js,Fuse.js,https://www.fusejs.io/,,Instant document search.,Búsqueda instantánea de documentos.,layers-3,slate,,Apache-2.0,,
pagefind,software,1209,policy,Pagefind,Pagefind,https://pagefind.app/,,"Site search that runs in your browser, with no outside service.","Búsqueda del sitio que funciona en tu navegador, sin ningún servicio externo.",layers-3,slate,,MIT,,
lucide,software,1210,policy,Lucide,Lucide,https://lucide.dev/,,Icons.,Íconos.,layers-3,slate,,ISC,,
inter,software,1211,policy,Inter (typeface),Inter (tipografía),https://rsms.me/inter/,,Body text.,Texto principal.,layers-3,slate,,SIL Open Font License 1.1,,
outfit,software,1212,policy,Outfit (typeface),Outfit (tipografía),https://fonts.google.com/specimen/Outfit,,Headings.,Títulos.,layers-3,slate,,SIL Open Font License 1.1,,
luxon,software,1213,policy,Luxon,Luxon,https://moment.github.io/luxon/,,Dates and times in Pacific time.,Fechas y horas en hora del Pacífico.,layers-3,slate,,MIT,,
icaljs,software,1214,policy,ical.js,ical.js,https://github.com/kewisch/ical.js,,Reads the Area's Google Calendar feed.,Lee el calendario de Google del Área.,layers-3,slate,,MPL-2.0,,
markdown-it,software,1215,policy,markdown-it,markdown-it,https://github.com/markdown-it/markdown-it,,Formats longer text written in the CSV files.,Da formato a los textos largos escritos en los archivos CSV.,layers-3,slate,,MIT,,
